{"id":"y49o6lnifvc9x0v5hblug0q5wml4cei5","name":"input_file","type":"Document","x":0,"y":0,"width":720,"height":720,"resolution":72,"visible":true,"color":null,"image":"assets\/5tcp4ff5w3ko61gbw4gmjur96n980ko7.jpg","contents":null,"font":null,"layers":[{"id":17,"name":"Graphic","type":"Folder","opacity":100,"x":131.562,"y":29.6562,"width":458,"height":662,"visible":true,"styles":{"blendOptions":{"mode":"passThrough"}},"color":null,"image":null,"contents":null,"font":null,"layers":[{"id":19,"name":"Graphic Indicators","type":"Folder","opacity":50.1960784313726,"x":165,"y":78,"width":390,"height":533,"visible":false,"styles":{"blendOptions":{"opacity":50,"mode":"passThrough"}},"color":null,"image":null,"contents":null,"font":null,"layers":[{"id":22,"name":"Visual Center","type":"Shape","opacity":100,"fill":100,"x":353,"y":466,"width":15,"height":15,"visible":false,"styles":{"blendOptions":{}},"color":null,"image":"assets\/2xi1ej7rxiyog77sfiv63juj3apjj9se.svg","contents":null,"font":null,"layers":[],"smartObject":null,"smartFilters":null},{"id":21,"name":"Focus Area","type":"Shape","opacity":100,"fill":100,"x":165,"y":78,"width":390,"height":533,"visible":false,"styles":{"blendOptions":{}},"color":null,"image":"assets\/4e70f9oa3ocey15kyqikbj34beynedwx.svg","contents":null,"font":null,"layers":[],"smartObject":null,"smartFilters":null}],"smartObject":null,"smartFilters":null},{"id":15,"name":"White","type":"Folder","opacity":100,"x":182.406,"y":58.5938,"width":356,"height":602,"visible":true,"styles":{"blendOptions":{"mode":"passThrough"}},"color":null,"image":null,"contents":null,"font":null,"layers":[{"id":14,"name":"White 1","type":"Shape","opacity":100,"fill":100,"x":182.406,"y":58.5938,"width":356,"height":602,"visible":true,"styles":{"blendOptions":{}},"color":null,"image":"assets\/g6b2rgonhsd47nct8baifjwmay65e88b.svg","contents":null,"font":null,"layers":[],"smartObject":null,"smartFilters":null}],"smartObject":null,"smartFilters":null},{"id":12,"name":"Accent","type":"Folder","opacity":100,"x":145.156,"y":194.062,"width":431,"height":274,"visible":true,"styles":{"blendOptions":{"mode":"passThrough"},"layerEffects":{"scale":100,"solidFill":{"enabled":true,"present":true,"showInDialog":true,"mode":"screen","color":{"red":249.000091552734,"green":227.996520996094,"blue":173.001251220703},"opacity":100}}},"color":"#F9E3AD","image":null,"contents":null,"font":null,"layers":[{"id":11,"name":"Accent 1","type":"Shape","opacity":100,"fill":100,"x":145.156,"y":194.062,"width":431,"height":274,"visible":true,"styles":{"blendOptions":{}},"color":null,"image":"assets\/gpur6hlp5ntkubxq9y52i6nahkdl1c0w.svg","contents":null,"font":null,"layers":[],"smartObject":null,"smartFilters":null}],"smartObject":null,"smartFilters":null},{"id":9,"name":"Lights","type":"Folder","opacity":100,"x":146.688,"y":35.9062,"width":428,"height":645,"visible":true,"styles":{"blendOptions":{"mode":"passThrough"},"layerEffects":{"scale":100,"solidFill":{"enabled":true,"present":true,"showInDialog":true,"mode":"screen","color":{"red":229.996490478516,"green":175.997314453125,"blue":151.997680664062},"opacity":100}}},"color":"#E5AF97","image":null,"contents":null,"font":null,"layers":[{"id":8,"name":"Lights 1","type":"Shape","opacity":100,"fill":100,"x":146.688,"y":35.9062,"width":428,"height":645,"visible":true,"styles":{"blendOptions":{}},"color":null,"image":"assets\/0negvc7qccfpb4wi7ouu5j9bjy1i3krt.svg","contents":null,"font":null,"layers":[],"smartObject":null,"smartFilters":null}],"smartObject":null,"smartFilters":null},{"id":6,"name":"Main","type":"Folder","opacity":100,"x":141.375,"y":49.5938,"width":438,"height":631,"visible":true,"styles":{"blendOptions":{"mode":"passThrough"},"layerEffects":{"scale":100,"solidFill":{"enabled":true,"present":true,"showInDialog":true,"mode":"screen","color":{"red":203.996887207031,"green":67.9989624023438,"blue":81.9987487792969},"opacity":100}}},"color":"#CB4351","image":null,"contents":null,"font":null,"layers":[{"id":5,"name":"Main 1","type":"Shape","opacity":100,"fill":100,"x":141.375,"y":49.5938,"width":438,"height":631,"visible":true,"styles":{"blendOptions":{}},"color":null,"image":"assets\/yig5c6nrsolwiu467cbonjfhie9cfs0n.svg","contents":null,"font":null,"layers":[],"smartObject":null,"smartFilters":null}],"smartObject":null,"smartFilters":null},{"id":3,"name":"Shadow","type":"Folder","opacity":100,"x":131.562,"y":29.6562,"width":458,"height":662,"visible":true,"styles":{"blendOptions":{"mode":"passThrough"},"layerEffects":{"scale":100,"solidFill":{"enabled":true,"present":true,"showInDialog":true,"mode":"screen","color":{"red":89.9986267089844,"green":37.9994201660156,"blue":55.9991455078125},"opacity":100}}},"color":"#592537","image":null,"contents":null,"font":null,"layers":[{"id":2,"name":"Shadow 1","type":"Shape","opacity":100,"fill":100,"x":131.562,"y":29.6562,"width":458,"height":662,"visible":true,"styles":{"blendOptions":{}},"color":null,"image":"assets\/n0f0mss7lhvinca660mjhvmi9059mxcd.svg","contents":null,"font":null,"layers":[],"smartObject":null,"smartFilters":null}],"smartObject":null,"smartFilters":null}],"smartObject":null,"smartFilters":null},{"id":24,"name":"_system.square_checkered_layer","type":"Unknown","opacity":100,"fill":100,"x":0,"y":0,"width":720,"height":720,"visible":true,"styles":{"blendOptions":{}},"color":null,"image":null,"contents":null,"font":null,"layers":[],"smartObject":null,"smartFilters":null}],"smartObject":null}