{"id":"s0r2lu6xpehjflgfnp6p1x49aiwk8xii","name":"input_file","type":"Document","x":0,"y":0,"width":1600,"height":1600,"resolution":72,"visible":true,"color":null,"image":"assets\/vcvk4l5ksl4nucofvd4ngm6ckp1hgsdp.jpg","contents":null,"font":null,"layers":[{"id":18,"name":"Graphic","type":"Folder","opacity":100,"x":164.719,"y":53.9688,"width":1271,"height":1493,"visible":true,"styles":{"blendOptions":{"mode":"passThrough"}},"color":null,"image":null,"contents":null,"font":null,"layers":[{"id":20,"name":"Graphic Indicators","type":"Folder","opacity":50.1960784313726,"x":357,"y":310.938,"width":887,"height":980,"visible":false,"styles":{"blendOptions":{"opacity":50,"mode":"passThrough"}},"color":null,"image":null,"contents":null,"font":null,"layers":[{"id":23,"name":"Visual Center","type":"Shape","opacity":100,"fill":100,"x":794.625,"y":794.625,"width":13,"height":13,"visible":false,"styles":{"blendOptions":{}},"color":null,"image":"assets\/ntn8llcnt1001gx36kmvvtquxd54brdi.svg","contents":null,"font":null,"layers":[],"smartObject":null,"smartFilters":null},{"id":22,"name":"Focus Area","type":"Shape","opacity":100,"fill":100,"x":357,"y":310.938,"width":887,"height":980,"visible":false,"styles":{"blendOptions":{}},"color":null,"image":"assets\/jos6jki28lp4envvncf2i1105wam9qh6.svg","contents":null,"font":null,"layers":[],"smartObject":null,"smartFilters":null}],"smartObject":null,"smartFilters":null},{"id":16,"name":"White","type":"Folder","opacity":100,"x":522.562,"y":569.812,"width":788,"height":916,"visible":true,"styles":{"blendOptions":{"mode":"passThrough"}},"color":null,"image":null,"contents":null,"font":null,"layers":[{"id":15,"name":"White 2","type":"Shape","opacity":50.1960784313726,"fill":100,"x":522.562,"y":731.375,"width":788,"height":754,"visible":true,"styles":{"blendOptions":{"opacity":50}},"color":null,"image":"assets\/bsjkse81pdew1cr1y3689tmi0imijlre.svg","contents":null,"font":null,"layers":[],"smartObject":null,"smartFilters":null},{"id":14,"name":"White 1","type":"Shape","opacity":100,"fill":100,"x":673.719,"y":569.812,"width":394,"height":325,"visible":true,"styles":{"blendOptions":{}},"color":null,"image":"assets\/7pv03nnf960ixkgvq3hv8y2761i0to28.svg","contents":null,"font":null,"layers":[],"smartObject":null,"smartFilters":null}],"smartObject":null,"smartFilters":null},{"id":12,"name":"Accent","type":"Folder","opacity":100,"x":188.094,"y":104.281,"width":536,"height":1119,"visible":true,"styles":{"blendOptions":{"mode":"passThrough"},"layerEffects":{"scale":100,"solidFill":{"enabled":true,"present":true,"showInDialog":true,"mode":"screen","color":{"red":213.000002503395,"green":213.000002503395,"blue":213.000002503395},"opacity":100}}},"color":"#D5D5D5","image":null,"contents":null,"font":null,"layers":[{"id":11,"name":"Accent 1","type":"Shape","opacity":100,"fill":100,"x":188.094,"y":104.281,"width":536,"height":1119,"visible":true,"styles":{"blendOptions":{}},"color":null,"image":"assets\/wtxdblcxxwlch7q2l2ffwsvxij4dhttx.svg","contents":null,"font":null,"layers":[],"smartObject":null,"smartFilters":null}],"smartObject":null,"smartFilters":null},{"id":9,"name":"Lights","type":"Folder","opacity":100,"x":284.844,"y":76.625,"width":1128,"height":1440,"visible":true,"styles":{"blendOptions":{"mode":"passThrough"},"layerEffects":{"scale":100,"solidFill":{"enabled":true,"present":true,"showInDialog":true,"mode":"screen","color":{"red":166.000005304813,"green":166.000005304813,"blue":166.000005304813},"opacity":100}}},"color":"#A6A6A6","image":null,"contents":null,"font":null,"layers":[{"id":8,"name":"Lights 1","type":"Shape","opacity":100,"fill":100,"x":284.844,"y":76.625,"width":1128,"height":1440,"visible":true,"styles":{"blendOptions":{}},"color":null,"image":"assets\/y3tws3thwlx5wll0tdnvcqesd3lg4xp7.svg","contents":null,"font":null,"layers":[],"smartObject":null,"smartFilters":null}],"smartObject":null,"smartFilters":null},{"id":6,"name":"Main","type":"Folder","opacity":100,"x":222.562,"y":76.625,"width":1190,"height":1440,"visible":true,"styles":{"blendOptions":{"mode":"passThrough"},"layerEffects":{"scale":100,"solidFill":{"enabled":true,"present":true,"showInDialog":true,"mode":"screen","color":{"red":93.0000020563602,"green":93.0000020563602,"blue":93.0000020563602},"opacity":100}}},"color":"#5D5D5D","image":null,"contents":null,"font":null,"layers":[{"id":5,"name":"Main 1","type":"Shape","opacity":100,"fill":100,"x":222.562,"y":76.625,"width":1190,"height":1440,"visible":true,"styles":{"blendOptions":{}},"color":null,"image":"assets\/oeke32d3f1ry5d4v8afiwcvryagp8dqh.svg","contents":null,"font":null,"layers":[],"smartObject":null,"smartFilters":null}],"smartObject":null,"smartFilters":null},{"id":3,"name":"Shadow","type":"Folder","opacity":100,"x":164.719,"y":53.9688,"width":1271,"height":1493,"visible":true,"styles":{"blendOptions":{"mode":"passThrough"},"layerEffects":{"scale":100,"solidFill":{"enabled":true,"present":true,"showInDialog":true,"mode":"screen","color":{"red":31.0000000521541,"green":31.0000000521541,"blue":31.0000000521541},"opacity":100}}},"color":"#1F1F1F","image":null,"contents":null,"font":null,"layers":[{"id":2,"name":"Shadow 1","type":"Shape","opacity":100,"fill":100,"x":164.719,"y":53.9688,"width":1271,"height":1493,"visible":true,"styles":{"blendOptions":{}},"color":null,"image":"assets\/d6sb1tgr3km6p0nso72jf35jcs8ssay7.svg","contents":null,"font":null,"layers":[],"smartObject":null,"smartFilters":null}],"smartObject":null,"smartFilters":null}],"smartObject":null,"smartFilters":null},{"id":25,"name":"_system.square_checkered_layer","type":"Unknown","opacity":100,"fill":100,"x":0,"y":0,"width":1600,"height":1600,"visible":true,"styles":{"blendOptions":{}},"color":null,"image":null,"contents":null,"font":null,"layers":[],"smartObject":null,"smartFilters":null}],"smartObject":null}