{"id":"iomq0kqnb5nxitmany1verk81idkwqw4","name":"input_file","type":"Document","x":0,"y":0,"width":720,"height":720,"resolution":72,"visible":true,"color":null,"image":"assets\/vg8inlbt04eql575em3xgrjxv5h45ted.jpg","contents":null,"font":null,"layers":[{"id":22,"name":"Graphic","type":"Folder","opacity":100,"x":9.3125,"y":46.0625,"width":702,"height":668,"visible":true,"styles":{"blendOptions":{"mode":"passThrough"}},"color":null,"image":null,"contents":null,"font":null,"layers":[{"id":17,"name":"Graphic Indicators","type":"Folder","opacity":50.1960784313726,"x":85,"y":284,"width":541,"height":290,"visible":false,"styles":{"blendOptions":{"opacity":50,"mode":"passThrough"}},"color":null,"image":null,"contents":null,"font":null,"layers":[{"id":21,"name":"Visual Center","type":"Shape","opacity":100,"fill":100,"x":352,"y":322,"width":18,"height":18,"visible":false,"styles":{"blendOptions":{}},"color":null,"image":"assets\/7p7g05u8e9msn7xnbqppijb5nnq1remy.svg","contents":null,"font":null,"layers":[],"smartObject":null,"smartFilters":null},{"id":19,"name":"Focus Area","type":"Shape","opacity":100,"fill":100,"x":85,"y":284,"width":541,"height":290,"visible":false,"styles":{"blendOptions":{}},"color":null,"image":"assets\/ql91sbyhdq93ahfp9obqg70i4b3vcdef.svg","contents":null,"font":null,"layers":[],"smartObject":null,"smartFilters":null}],"smartObject":null,"smartFilters":null},{"id":15,"name":"White","type":"Folder","opacity":100,"x":21.4375,"y":66.9062,"width":678,"height":523,"visible":true,"styles":{"blendOptions":{"mode":"passThrough"}},"color":null,"image":null,"contents":null,"font":null,"layers":[{"id":14,"name":"White 1","type":"Shape","opacity":100,"fill":100,"x":21.4375,"y":66.9062,"width":678,"height":523,"visible":true,"styles":{"blendOptions":{}},"color":null,"image":"assets\/ghfhqqhvne0hn6f1sccdg2f6h4rel8pf.svg","contents":null,"font":null,"layers":[],"smartObject":null,"smartFilters":null}],"smartObject":null,"smartFilters":null},{"id":12,"name":"Accent","type":"Folder","opacity":100,"x":35.75,"y":66.9062,"width":653,"height":523,"visible":true,"styles":{"blendOptions":{"mode":"passThrough"},"layerEffects":{"scale":100,"solidFill":{"enabled":true,"present":true,"showInDialog":true,"mode":"screen","color":{"red":249.000091552734,"green":209.000701904297,"blue":51.0031127929688},"opacity":100}}},"color":"#F9D133","image":null,"contents":null,"font":null,"layers":[{"id":11,"name":"Accent 1","type":"Shape","opacity":100,"fill":100,"x":35.75,"y":66.9062,"width":653,"height":523,"visible":true,"styles":{"blendOptions":{}},"color":null,"image":"assets\/3xwvf8kwkt1sq36f01qtbca3tte5dxp9.svg","contents":null,"font":null,"layers":[],"smartObject":null,"smartFilters":null}],"smartObject":null,"smartFilters":null},{"id":9,"name":"Lights","type":"Folder","opacity":100,"x":257.094,"y":153.812,"width":206,"height":438,"visible":true,"styles":{"blendOptions":{"mode":"passThrough"},"layerEffects":{"scale":100,"solidFill":{"enabled":true,"present":true,"showInDialog":true,"mode":"screen","color":{"red":167.001342773438,"green":137.001800537109,"blue":211.996765136719},"opacity":100}}},"color":"#A789D3","image":null,"contents":null,"font":null,"layers":[{"id":8,"name":"Lights 1","type":"Shape","opacity":100,"fill":100,"x":257.094,"y":153.812,"width":206,"height":438,"visible":true,"styles":{"blendOptions":{}},"color":null,"image":"assets\/cu4du5xeruv4w6v2p9cyymcrgvxa0ank.svg","contents":null,"font":null,"layers":[],"smartObject":null,"smartFilters":null}],"smartObject":null,"smartFilters":null},{"id":6,"name":"Main","type":"Folder","opacity":100,"x":129.625,"y":103.281,"width":462,"height":491,"visible":true,"styles":{"blendOptions":{"mode":"passThrough"},"layerEffects":{"scale":100,"solidFill":{"enabled":true,"present":true,"showInDialog":true,"mode":"screen","color":{"red":91.0025024414062,"green":75.0027465820312,"blue":115.002136230469},"opacity":100}}},"color":"#5B4B73","image":null,"contents":null,"font":null,"layers":[{"id":5,"name":"Main 1","type":"Shape","opacity":100,"fill":100,"x":129.625,"y":103.281,"width":462,"height":491,"visible":true,"styles":{"blendOptions":{}},"color":null,"image":"assets\/h29fj7440emtpmxk79yf4r66qg12sgbu.svg","contents":null,"font":null,"layers":[],"smartObject":null,"smartFilters":null}],"smartObject":null,"smartFilters":null},{"id":3,"name":"Shadow","type":"Folder","opacity":100,"x":9.3125,"y":46.0625,"width":702,"height":668,"visible":true,"styles":{"blendOptions":{"mode":"passThrough"},"layerEffects":{"scale":100,"solidFill":{"enabled":true,"present":true,"showInDialog":true,"mode":"screen","color":{"red":21.5291830524802,"green":23.1867700070143,"blue":45.0000011175871},"opacity":100}}},"color":"#15172D","image":null,"contents":null,"font":null,"layers":[{"id":2,"name":"Shadow 1","type":"Shape","opacity":100,"fill":100,"x":9.3125,"y":46.0625,"width":702,"height":668,"visible":true,"styles":{"blendOptions":{}},"color":null,"image":"assets\/dv2k1huvo223nxknd7tbfx2yshopa7qs.svg","contents":null,"font":null,"layers":[],"smartObject":null,"smartFilters":null}],"smartObject":null,"smartFilters":null}],"smartObject":null,"smartFilters":null},{"id":25,"name":"_system.square_checkered_layer","type":"Unknown","opacity":100,"fill":100,"x":0,"y":0,"width":720,"height":720,"visible":true,"styles":{"blendOptions":{}},"color":null,"image":null,"contents":null,"font":null,"layers":[],"smartObject":null,"smartFilters":null}],"smartObject":null}