{"id":"tinyr68a35ar47d6ws6gqvwma2lg2t41","name":"input_file","type":"Document","x":0,"y":0,"width":1600,"height":1600,"resolution":72,"visible":true,"color":null,"image":"assets\/ntg79yycxhbpik4b0f5h6gg2l1a40jl8.jpg","contents":null,"font":null,"layers":[{"id":22,"name":"Graphic","type":"Folder","opacity":100,"x":146.75,"y":228.219,"width":1347,"height":1166,"visible":true,"styles":{"blendOptions":{"mode":"passThrough"}},"color":null,"image":null,"contents":null,"font":null,"layers":[{"id":17,"name":"Graphic Indicators","type":"Folder","opacity":50.1960784313726,"x":421.188,"y":517.594,"width":758,"height":769,"visible":false,"styles":{"blendOptions":{"opacity":50,"mode":"passThrough"}},"color":null,"image":null,"contents":null,"font":null,"layers":[{"id":21,"name":"Visual Center","type":"Shape","opacity":100,"fill":100,"x":795.375,"y":897.062,"width":10,"height":10,"visible":false,"styles":{"blendOptions":{}},"color":null,"image":"assets\/pxw2g6ext2uw62abst8wmwsvo0krd99s.svg","contents":null,"font":null,"layers":[],"smartObject":null,"smartFilters":null},{"id":19,"name":"Focus Area","type":"Shape","opacity":100,"fill":100,"x":421.188,"y":517.594,"width":758,"height":769,"visible":false,"styles":{"blendOptions":{}},"color":null,"image":"assets\/n7rqjqqbi2t510ny34i0b4kn4qkw768e.svg","contents":null,"font":null,"layers":[],"smartObject":null,"smartFilters":null}],"smartObject":null,"smartFilters":null},{"id":15,"name":"White","type":"Folder","opacity":100,"x":493.438,"y":297.656,"width":987,"height":1085,"visible":true,"styles":{"blendOptions":{"mode":"passThrough"}},"color":null,"image":null,"contents":null,"font":null,"layers":[{"id":14,"name":"White 1","type":"Shape","opacity":100,"fill":100,"x":493.438,"y":297.656,"width":987,"height":1085,"visible":true,"styles":{"blendOptions":{}},"color":null,"image":"assets\/bed45e83td6e3s8clmgo0qc6rre1wjo2.svg","contents":null,"font":null,"layers":[],"smartObject":null,"smartFilters":null}],"smartObject":null,"smartFilters":null},{"id":12,"name":"Accent","type":"Folder","opacity":100,"x":158.781,"y":375.188,"width":916,"height":983,"visible":true,"styles":{"blendOptions":{"mode":"passThrough"},"layerEffects":{"scale":100,"solidFill":{"enabled":true,"present":true,"showInDialog":true,"mode":"screen","color":{"red":237.000001072884,"green":4.64980526827276,"blue":4.6731516905129},"opacity":100}}},"color":"#ED0404","image":null,"contents":null,"font":null,"layers":[{"id":11,"name":"Accent 1","type":"Shape","opacity":100,"fill":100,"x":158.781,"y":375.188,"width":916,"height":983,"visible":true,"styles":{"blendOptions":{}},"color":null,"image":"assets\/dw2jxth6oo611b8kholqjwk30qbbpceq.svg","contents":null,"font":null,"layers":[],"smartObject":null,"smartFilters":null}],"smartObject":null,"smartFilters":null},{"id":9,"name":"Lights","type":"Folder","opacity":100,"x":177.969,"y":653.812,"width":1304,"height":721,"visible":true,"styles":{"blendOptions":{"mode":"passThrough"},"layerEffects":{"scale":100,"solidFill":{"enabled":true,"present":true,"showInDialog":true,"mode":"screen","color":{"red":163.997497558594,"green":155.997619628906,"blue":155.997619628906},"opacity":100}}},"color":"#A39B9B","image":null,"contents":null,"font":null,"layers":[{"id":8,"name":"Lights 1","type":"Shape","opacity":100,"fill":100,"x":177.969,"y":653.812,"width":1304,"height":721,"visible":true,"styles":{"blendOptions":{}},"color":null,"image":"assets\/xpso23vnggp46tl7mhvx31yxvujx991e.svg","contents":null,"font":null,"layers":[],"smartObject":null,"smartFilters":null}],"smartObject":null,"smartFilters":null},{"id":6,"name":"Main","type":"Folder","opacity":100,"x":149.906,"y":370.25,"width":1337,"height":991,"visible":true,"styles":{"blendOptions":{"mode":"passThrough"},"layerEffects":{"scale":100,"solidFill":{"enabled":true,"present":true,"showInDialog":true,"mode":"screen","color":{"red":99.9984741210938,"green":93.0024719238281,"blue":93.0024719238281},"opacity":100}}},"color":"#635D5D","image":null,"contents":null,"font":null,"layers":[{"id":5,"name":"Main 1","type":"Shape","opacity":100,"fill":100,"x":149.906,"y":370.25,"width":1337,"height":991,"visible":true,"styles":{"blendOptions":{}},"color":null,"image":"assets\/qlkn9o90ru83u2krsu7xnye7igyhsg26.svg","contents":null,"font":null,"layers":[],"smartObject":null,"smartFilters":null}],"smartObject":null,"smartFilters":null},{"id":3,"name":"Shadow","type":"Folder","opacity":100,"x":146.75,"y":228.219,"width":1347,"height":1166,"visible":true,"styles":{"blendOptions":{"mode":"passThrough"},"layerEffects":{"scale":100,"solidFill":{"enabled":true,"present":true,"showInDialog":true,"mode":"screen","color":{"red":31.895484700799,"green":26.0536040738225,"blue":26.2282256036997},"opacity":100}}},"color":"#1F1A1A","image":null,"contents":null,"font":null,"layers":[{"id":2,"name":"Shadow 1","type":"Shape","opacity":100,"fill":100,"x":146.75,"y":228.219,"width":1347,"height":1166,"visible":true,"styles":{"blendOptions":{}},"color":null,"image":"assets\/ks1lg6kt3vbfbjch4sgiy4cbov8grtdp.svg","contents":null,"font":null,"layers":[],"smartObject":null,"smartFilters":null}],"smartObject":null,"smartFilters":null}],"smartObject":null,"smartFilters":null},{"id":25,"name":"_system.square_checkered_layer","type":"Unknown","opacity":100,"fill":100,"x":0,"y":0,"width":1600,"height":1600,"visible":true,"styles":{"blendOptions":{}},"color":null,"image":null,"contents":null,"font":null,"layers":[],"smartObject":null,"smartFilters":null}],"smartObject":null}