{"id":"1ogkd6a8vk0p2aih5hyijm40hyr2fxix","name":"input_file","type":"Document","x":0,"y":0,"width":1600,"height":1600,"resolution":72,"visible":true,"color":null,"image":"assets\/4d4gw21vcei8vo93knqkrqfqk38nkibx.jpg","contents":null,"font":null,"layers":[{"id":17,"name":"Graphic","type":"Folder","opacity":100,"x":156.531,"y":194.312,"width":1346,"height":1177,"visible":true,"styles":{"blendOptions":{"mode":"passThrough"}},"color":null,"image":null,"contents":null,"font":null,"layers":[{"id":19,"name":"Graphic Indicators","type":"Folder","opacity":50.1960784313726,"x":261.812,"y":390.781,"width":1142,"height":909,"visible":false,"styles":{"blendOptions":{"opacity":50,"mode":"passThrough"}},"color":null,"image":null,"contents":null,"font":null,"layers":[{"id":22,"name":"Visual Center","type":"Shape","opacity":100,"fill":100,"x":823.031,"y":919,"width":12,"height":12,"visible":false,"styles":{"blendOptions":{}},"color":null,"image":"assets\/x25n5t3no4uv7x5k4c0vd25dbt3hogkq.svg","contents":null,"font":null,"layers":[],"smartObject":null,"smartFilters":null},{"id":21,"name":"Focus Area","type":"Shape","opacity":100,"fill":100,"x":261.812,"y":390.781,"width":1142,"height":909,"visible":false,"styles":{"blendOptions":{}},"color":null,"image":"assets\/hx5pddukbsbai1yhcua02eyod02r0bd7.svg","contents":null,"font":null,"layers":[],"smartObject":null,"smartFilters":null}],"smartObject":null,"smartFilters":null},{"id":15,"name":"White","type":"Folder","opacity":100,"x":261.812,"y":399.156,"width":1136,"height":895,"visible":true,"styles":{"blendOptions":{"mode":"passThrough"}},"color":null,"image":null,"contents":null,"font":null,"layers":[{"id":14,"name":"White 1","type":"Shape","opacity":100,"fill":100,"x":261.812,"y":399.156,"width":1136,"height":895,"visible":true,"styles":{"blendOptions":{}},"color":null,"image":"assets\/vp8ejck0da34p8mbw0febspk5pi13g18.svg","contents":null,"font":null,"layers":[],"smartObject":null,"smartFilters":null}],"smartObject":null,"smartFilters":null},{"id":12,"name":"Accent","type":"Folder","opacity":100,"x":177.125,"y":232.156,"width":1304,"height":1095,"visible":true,"styles":{"blendOptions":{"mode":"passThrough"},"layerEffects":{"scale":100,"solidFill":{"enabled":true,"present":true,"showInDialog":true,"mode":"screen","color":{"red":0.00389105058275,"green":252.011673152447,"blue":255},"opacity":100}}},"color":"#00FCFF","image":null,"contents":null,"font":null,"layers":[{"id":11,"name":"Accent 1","type":"Shape","opacity":100,"fill":100,"x":177.125,"y":232.156,"width":1304,"height":1095,"visible":true,"styles":{"blendOptions":{}},"color":null,"image":"assets\/myydoj1rplt4hdha9w4l5nxr5vvtv8ar.svg","contents":null,"font":null,"layers":[],"smartObject":null,"smartFilters":null}],"smartObject":null,"smartFilters":null},{"id":9,"name":"Lights","type":"Folder","opacity":100,"x":168.438,"y":207.156,"width":1322,"height":1103,"visible":true,"styles":{"blendOptions":{"mode":"passThrough"},"layerEffects":{"scale":100,"solidFill":{"enabled":true,"present":true,"showInDialog":true,"mode":"screen","color":{"red":166.000005304813,"green":166.000005304813,"blue":166.000005304813},"opacity":100}}},"color":"#A6A6A6","image":null,"contents":null,"font":null,"layers":[{"id":8,"name":"Lights 1","type":"Shape","opacity":100,"fill":100,"x":168.438,"y":207.156,"width":1322,"height":1103,"visible":true,"styles":{"blendOptions":{}},"color":null,"image":"assets\/87x1cjty9wrappvin4jd5rprt4msfj8f.svg","contents":null,"font":null,"layers":[],"smartObject":null,"smartFilters":null}],"smartObject":null,"smartFilters":null},{"id":6,"name":"Main","type":"Folder","opacity":100,"x":168.438,"y":207.156,"width":1322,"height":1150,"visible":true,"styles":{"blendOptions":{"mode":"passThrough"},"layerEffects":{"scale":100,"solidFill":{"enabled":true,"present":true,"showInDialog":true,"mode":"screen","color":{"red":93.0000020563602,"green":93.0000020563602,"blue":93.0000020563602},"opacity":100}}},"color":"#5D5D5D","image":null,"contents":null,"font":null,"layers":[{"id":5,"name":"Main 1","type":"Shape","opacity":100,"fill":100,"x":168.438,"y":207.156,"width":1322,"height":1150,"visible":true,"styles":{"blendOptions":{}},"color":null,"image":"assets\/go88tb0hgp91bkubap828p9g7vrgdf5r.svg","contents":null,"font":null,"layers":[],"smartObject":null,"smartFilters":null}],"smartObject":null,"smartFilters":null},{"id":3,"name":"Shadow","type":"Folder","opacity":100,"x":156.531,"y":194.312,"width":1346,"height":1177,"visible":true,"styles":{"blendOptions":{"mode":"passThrough"},"layerEffects":{"scale":100,"solidFill":{"enabled":true,"present":true,"showInDialog":true,"mode":"screen","color":{"red":31.0000000521541,"green":31.0000000521541,"blue":31.0000000521541},"opacity":100}}},"color":"#1F1F1F","image":null,"contents":null,"font":null,"layers":[{"id":2,"name":"Shadow 1","type":"Shape","opacity":100,"fill":100,"x":156.531,"y":194.312,"width":1346,"height":1177,"visible":true,"styles":{"blendOptions":{}},"color":null,"image":"assets\/i66xhcph5sd883t68jasxwgh1bwl3or0.svg","contents":null,"font":null,"layers":[],"smartObject":null,"smartFilters":null}],"smartObject":null,"smartFilters":null}],"smartObject":null,"smartFilters":null},{"id":24,"name":"_system.square_checkered_layer","type":"Unknown","opacity":100,"fill":100,"x":0,"y":0,"width":1600,"height":1600,"visible":true,"styles":{"blendOptions":{}},"color":null,"image":null,"contents":null,"font":null,"layers":[],"smartObject":null,"smartFilters":null}],"smartObject":null}