{"id":"q70rqasrec4kbd1b48oqyrui3mowcyev","name":"input_file","type":"Document","x":0,"y":0,"width":1600,"height":1600,"resolution":72,"visible":true,"color":null,"image":"assets\/3vd9fmdwmy7nqwkyr4bh4aeynxhthpby.jpg","contents":null,"font":null,"layers":[{"id":19,"name":"Graphic","type":"Folder","opacity":100,"x":45.8125,"y":93.3438,"width":1510,"height":1414,"visible":true,"styles":{"blendOptions":{"mode":"passThrough"}},"color":null,"image":null,"contents":null,"font":null,"layers":[{"id":21,"name":"Graphic Indicators","type":"Folder","opacity":50.1960784313726,"x":345.594,"y":226.656,"width":910,"height":583,"visible":false,"styles":{"blendOptions":{"opacity":50,"mode":"passThrough"}},"color":null,"image":null,"contents":null,"font":null,"layers":[{"id":24,"name":"Visual Center","type":"Shape","opacity":100,"fill":100,"x":792.531,"y":792.531,"width":17,"height":17,"visible":false,"styles":{"blendOptions":{}},"color":null,"image":"assets\/pehqdgtynsb8lr4ov7wafd0jm6vdgukt.svg","contents":null,"font":null,"layers":[],"smartObject":null,"smartFilters":null},{"id":23,"name":"Focus Area","type":"Shape","opacity":100,"fill":100,"x":345.594,"y":226.656,"width":910,"height":408,"visible":false,"styles":{"blendOptions":{}},"color":null,"image":"assets\/0ppvudkuw38bj0mtg4c2w6t1ndeulony.svg","contents":null,"font":null,"layers":[],"smartObject":null,"smartFilters":null}],"smartObject":null,"smartFilters":null},{"id":17,"name":"White","type":"Folder","opacity":100,"x":61.7188,"y":110.281,"width":1478,"height":1275,"visible":true,"styles":{"blendOptions":{"mode":"passThrough"}},"color":null,"image":null,"contents":null,"font":null,"layers":[{"id":16,"name":"White 1","type":"Shape","opacity":100,"fill":100,"x":61.7188,"y":121.812,"width":1478,"height":1264,"visible":true,"styles":{"blendOptions":{}},"color":null,"image":"assets\/432y6x7xtmc00b7wf2jw5f8va17leiea.svg","contents":null,"font":null,"layers":[],"smartObject":null,"smartFilters":null},{"id":15,"name":"White 2","type":"Shape","opacity":50.1960784313726,"fill":100,"x":275.625,"y":110.281,"width":986,"height":524,"visible":true,"styles":{"blendOptions":{"opacity":50}},"color":null,"image":"assets\/xhgjtf2yhqflt8w0utewy9ol3cclvgp1.svg","contents":null,"font":null,"layers":[],"smartObject":null,"smartFilters":null}],"smartObject":null,"smartFilters":null},{"id":13,"name":"Accent","type":"Folder","opacity":100,"x":243.75,"y":110.281,"width":1114,"height":1287,"visible":true,"styles":{"blendOptions":{"mode":"passThrough"},"layerEffects":{"scale":100,"solidFill":{"enabled":true,"present":true,"showInDialog":true,"mode":"screen","color":{"red":103.000001460314,"green":103.000001460314,"blue":103.000001460314},"opacity":100}}},"color":"#676767","image":null,"contents":null,"font":null,"layers":[{"id":12,"name":"Accent 1","type":"Shape","opacity":100,"fill":100,"x":243.75,"y":110.281,"width":1114,"height":1287,"visible":true,"styles":{"blendOptions":{}},"color":null,"image":"assets\/50uptdncbk9dk1cmlcpuixhyw55gfrhd.svg","contents":null,"font":null,"layers":[],"smartObject":null,"smartFilters":null}],"smartObject":null,"smartFilters":null},{"id":10,"name":"Lights","type":"Folder","opacity":100,"x":61.7188,"y":304.5,"width":1478,"height":1124,"visible":true,"styles":{"blendOptions":{"mode":"passThrough"},"layerEffects":{"scale":100,"solidFill":{"enabled":true,"present":true,"showInDialog":true,"mode":"screen","color":{"red":166.000005304813,"green":166.000005304813,"blue":166.000005304813},"opacity":100}}},"color":"#A6A6A6","image":null,"contents":null,"font":null,"layers":[{"id":9,"name":"Lights 1","type":"Shape","opacity":100,"fill":100,"x":61.7188,"y":304.5,"width":1478,"height":1124,"visible":true,"styles":{"blendOptions":{}},"color":null,"image":"assets\/v69ac6d5m18ulf3l9ls8k7ktmpdmq8xb.svg","contents":null,"font":null,"layers":[],"smartObject":null,"smartFilters":null}],"smartObject":null,"smartFilters":null},{"id":7,"name":"Main","type":"Folder","opacity":100,"x":61.7188,"y":304.5,"width":1478,"height":1183,"visible":true,"styles":{"blendOptions":{"mode":"passThrough"},"layerEffects":{"scale":100,"solidFill":{"enabled":true,"present":true,"showInDialog":true,"mode":"screen","color":{"red":93.0000020563602,"green":93.0000020563602,"blue":93.0000020563602},"opacity":100}}},"color":"#5D5D5D","image":null,"contents":null,"font":null,"layers":[{"id":6,"name":"Main 1","type":"Shape","opacity":100,"fill":100,"x":61.7188,"y":304.5,"width":1478,"height":1183,"visible":true,"styles":{"blendOptions":{}},"color":null,"image":"assets\/46rp9mt2yjvhqr8frwh99wcy6na0qx4j.svg","contents":null,"font":null,"layers":[],"smartObject":null,"smartFilters":null}],"smartObject":null,"smartFilters":null},{"id":4,"name":"Shadow","type":"Folder","opacity":100,"x":45.8125,"y":93.3438,"width":1510,"height":1414,"visible":true,"styles":{"blendOptions":{"mode":"passThrough"},"layerEffects":{"scale":100,"solidFill":{"enabled":true,"present":true,"showInDialog":true,"mode":"screen","color":{"red":31.0000000521541,"green":31.0000000521541,"blue":31.0000000521541},"opacity":100}}},"color":"#1F1F1F","image":null,"contents":null,"font":null,"layers":[{"id":2,"name":"Shadow 1","type":"Shape","opacity":100,"fill":100,"x":45.8125,"y":93.3438,"width":1510,"height":1414,"visible":true,"styles":{"blendOptions":{}},"color":null,"image":"assets\/7klf5hb5y7ltm4aant0n7jr5mok3dsg3.svg","contents":null,"font":null,"layers":[],"smartObject":null,"smartFilters":null}],"smartObject":null,"smartFilters":null}],"smartObject":null,"smartFilters":null},{"id":26,"name":"_system.square_checkered_layer","type":"Unknown","opacity":100,"fill":100,"x":0,"y":0,"width":1600,"height":1600,"visible":true,"styles":{"blendOptions":{}},"color":null,"image":null,"contents":null,"font":null,"layers":[],"smartObject":null,"smartFilters":null}],"smartObject":null}