{"id":"9jj1fydo483k99bg8gqpj63o8d7vlk7k","name":"input_file","type":"Document","x":0,"y":0,"width":1500,"height":1499,"resolution":72,"visible":true,"color":null,"image":"assets\/pnfl185kjlk4ouutns78h4j8piyessgu.jpg","contents":null,"font":null,"layers":[{"id":17,"name":"Graphic","type":"Folder","opacity":100,"x":69.4688,"y":91.5938,"width":1362,"height":1317,"visible":true,"styles":{"blendOptions":{"mode":"passThrough"}},"color":null,"image":null,"contents":null,"font":null,"layers":[{"id":19,"name":"Graphic Indicators","type":"Folder","opacity":50.1960784313726,"x":279.375,"y":300.219,"width":943,"height":943,"visible":false,"styles":{"blendOptions":{"opacity":50,"mode":"passThrough"}},"color":null,"image":null,"contents":null,"font":null,"layers":[{"id":22,"name":"Visual Center","type":"Shape","opacity":100,"fill":100,"x":742.5,"y":742.5,"width":16,"height":16,"visible":false,"styles":{"blendOptions":{}},"color":null,"image":"assets\/9sc5pxcam2l1ngxmwevpsyl322yo8l9e.svg","contents":null,"font":null,"layers":[],"smartObject":null,"smartFilters":null},{"id":21,"name":"Focus Area","type":"Shape","opacity":100,"fill":100,"x":279.375,"y":300.219,"width":943,"height":943,"visible":false,"styles":{"blendOptions":{}},"color":null,"image":"assets\/5lsyqg919scvxqdaq0hhe879808avpxm.svg","contents":null,"font":null,"layers":[],"smartObject":null,"smartFilters":null}],"smartObject":null,"smartFilters":null},{"id":15,"name":"White","type":"Folder","opacity":100,"x":329.438,"y":106.875,"width":1086,"height":1079,"visible":true,"styles":{"blendOptions":{"mode":"passThrough"}},"color":null,"image":null,"contents":null,"font":null,"layers":[{"id":14,"name":"White 1","type":"Shape","opacity":100,"fill":100,"x":329.438,"y":106.875,"width":1086,"height":1079,"visible":true,"styles":{"blendOptions":{}},"color":null,"image":"assets\/e8c2vr27ipc69m0vxipkiarkp46igl6s.svg","contents":null,"font":null,"layers":[],"smartObject":null,"smartFilters":null}],"smartObject":null,"smartFilters":null},{"id":12,"name":"Accent","type":"Folder","opacity":100,"x":81.75,"y":174.469,"width":1027,"height":1210,"visible":true,"styles":{"blendOptions":{"mode":"passThrough"},"layerEffects":{"scale":100,"solidFill":{"enabled":true,"present":true,"showInDialog":true,"mode":"screen","color":{"red":139.000006914139,"green":139.000006914139,"blue":139.000006914139},"opacity":100}}},"color":"#8B8B8B","image":null,"contents":null,"font":null,"layers":[{"id":11,"name":"Accent 1","type":"Shape","opacity":100,"fill":100,"x":81.75,"y":174.469,"width":1027,"height":1210,"visible":true,"styles":{"blendOptions":{}},"color":null,"image":"assets\/sxb4xgqr26ietdf7x2hy2m2n15twli07.svg","contents":null,"font":null,"layers":[],"smartObject":null,"smartFilters":null}],"smartObject":null,"smartFilters":null},{"id":9,"name":"Lights","type":"Folder","opacity":100,"x":357.156,"y":106.688,"width":973,"height":1244,"visible":true,"styles":{"blendOptions":{"mode":"passThrough"},"layerEffects":{"scale":100,"solidFill":{"enabled":true,"present":true,"showInDialog":true,"mode":"screen","color":{"red":166.000005304813,"green":166.000005304813,"blue":166.000005304813},"opacity":100}}},"color":"#A6A6A6","image":null,"contents":null,"font":null,"layers":[{"id":8,"name":"Lights 1","type":"Shape","opacity":100,"fill":100,"x":357.156,"y":106.688,"width":973,"height":1244,"visible":true,"styles":{"blendOptions":{}},"color":null,"image":"assets\/006k0wig0rqvjyft8ie6dgichjs8y38p.svg","contents":null,"font":null,"layers":[],"smartObject":null,"smartFilters":null}],"smartObject":null,"smartFilters":null},{"id":6,"name":"Main","type":"Folder","opacity":100,"x":302.938,"y":129.031,"width":1116,"height":1255,"visible":true,"styles":{"blendOptions":{"mode":"passThrough"},"layerEffects":{"scale":100,"solidFill":{"enabled":true,"present":true,"showInDialog":true,"mode":"screen","color":{"red":93.0000020563602,"green":93.0000020563602,"blue":93.0000020563602},"opacity":100}}},"color":"#5D5D5D","image":null,"contents":null,"font":null,"layers":[{"id":5,"name":"Main 1","type":"Shape","opacity":100,"fill":100,"x":302.938,"y":129.031,"width":1116,"height":1255,"visible":true,"styles":{"blendOptions":{}},"color":null,"image":"assets\/vknr4y86ncjek64mw195hlbkaecn75s4.svg","contents":null,"font":null,"layers":[],"smartObject":null,"smartFilters":null}],"smartObject":null,"smartFilters":null},{"id":3,"name":"Shadow","type":"Folder","opacity":100,"x":69.4688,"y":91.5938,"width":1362,"height":1317,"visible":true,"styles":{"blendOptions":{"mode":"passThrough"},"layerEffects":{"scale":100,"solidFill":{"enabled":true,"present":true,"showInDialog":true,"mode":"screen","color":{"red":31.0000000521541,"green":31.0000000521541,"blue":31.0000000521541},"opacity":100}}},"color":"#1F1F1F","image":null,"contents":null,"font":null,"layers":[{"id":2,"name":"Shadow 1","type":"Shape","opacity":100,"fill":100,"x":69.4688,"y":91.5938,"width":1362,"height":1317,"visible":true,"styles":{"blendOptions":{}},"color":null,"image":"assets\/e9nbytgxecdu2427ttf3g4lq3usl7u2a.svg","contents":null,"font":null,"layers":[],"smartObject":null,"smartFilters":null}],"smartObject":null,"smartFilters":null}],"smartObject":null,"smartFilters":null},{"id":24,"name":"_system.square_checkered_layer","type":"Unknown","opacity":100,"fill":100,"x":0,"y":0,"width":1500,"height":1499,"visible":true,"styles":{"blendOptions":{}},"color":null,"image":null,"contents":null,"font":null,"layers":[],"smartObject":null,"smartFilters":null}],"smartObject":null}