{"id":"pleyf08hfohopl7j9s2bovmgabytk2am","name":"input_file","type":"Document","x":0,"y":0,"width":1600,"height":1600,"resolution":72,"visible":true,"color":null,"image":"assets\/aamb49bertxk90gjpbxmiodfsx97dcxu.jpg","contents":null,"font":null,"layers":[{"id":22,"name":"Graphic","type":"Folder","opacity":100,"x":233.5,"y":86.3125,"width":1099,"height":1438,"visible":true,"styles":{"blendOptions":{"mode":"passThrough"}},"color":null,"image":null,"contents":null,"font":null,"layers":[{"id":17,"name":"Graphic Indicators","type":"Folder","opacity":50.1960784313726,"x":233.406,"y":215.219,"width":1099,"height":1066,"visible":false,"styles":{"blendOptions":{"opacity":50,"mode":"passThrough"}},"color":null,"image":null,"contents":null,"font":null,"layers":[{"id":21,"name":"Visual Center","type":"Shape","opacity":100,"fill":100,"x":795.719,"y":738.625,"width":10,"height":10,"visible":false,"styles":{"blendOptions":{}},"color":null,"image":"assets\/v6xsjbx1rkcswboacxkj9dfw61gheb3f.svg","contents":null,"font":null,"layers":[],"smartObject":null,"smartFilters":null},{"id":19,"name":"Focus Area","type":"Shape","opacity":100,"fill":100,"x":233.406,"y":215.219,"width":1099,"height":1066,"visible":false,"styles":{"blendOptions":{}},"color":null,"image":"assets\/89g93maydpi95pmy7m4whcfir8y1odi4.svg","contents":null,"font":null,"layers":[],"smartObject":null,"smartFilters":null}],"smartObject":null,"smartFilters":null},{"id":15,"name":"White","type":"Folder","opacity":100,"x":318.031,"y":215,"width":919,"height":1113,"visible":true,"styles":{"blendOptions":{"mode":"passThrough"}},"color":null,"image":null,"contents":null,"font":null,"layers":[{"id":14,"name":"White 1","type":"Shape","opacity":100,"fill":100,"x":318.031,"y":215,"width":919,"height":1113,"visible":true,"styles":{"blendOptions":{}},"color":null,"image":"assets\/ady3te50vgcju65bs993je3jo1ig8rl8.svg","contents":null,"font":null,"layers":[],"smartObject":null,"smartFilters":null}],"smartObject":null,"smartFilters":null},{"id":12,"name":"Accent","type":"Folder","opacity":100,"x":233.5,"y":86.3125,"width":1099,"height":1438,"visible":true,"styles":{"blendOptions":{"mode":"passThrough"},"layerEffects":{"scale":100,"solidFill":{"enabled":true,"present":true,"showInDialog":true,"mode":"screen","color":{"red":249.000091552734,"green":227.996520996094,"blue":173.001251220703},"opacity":100}}},"color":"#F9E3AD","image":null,"contents":null,"font":null,"layers":[{"id":11,"name":"Accent 1","type":"Shape","opacity":100,"fill":100,"x":233.5,"y":86.3125,"width":1099,"height":1438,"visible":true,"styles":{"blendOptions":{}},"color":null,"image":"assets\/bslxt8cy5m38xbekypqhgpvtc7im1ggw.svg","contents":null,"font":null,"layers":[],"smartObject":null,"smartFilters":null}],"smartObject":null,"smartFilters":null},{"id":9,"name":"Lights","type":"Folder","opacity":100,"x":328.219,"y":121,"width":876,"height":1347,"visible":true,"styles":{"blendOptions":{"mode":"passThrough"},"layerEffects":{"scale":100,"solidFill":{"enabled":true,"present":true,"showInDialog":true,"mode":"screen","color":{"red":229.996490478516,"green":175.997314453125,"blue":151.997680664062},"opacity":100}}},"color":"#E5AF97","image":null,"contents":null,"font":null,"layers":[{"id":8,"name":"Lights 1","type":"Shape","opacity":100,"fill":100,"x":328.219,"y":121,"width":876,"height":1347,"visible":true,"styles":{"blendOptions":{}},"color":null,"image":"assets\/8dg7biwvcy1hgnmhtrjvs3luadbep6o4.svg","contents":null,"font":null,"layers":[],"smartObject":null,"smartFilters":null}],"smartObject":null,"smartFilters":null},{"id":6,"name":"Main","type":"Folder","opacity":100,"x":352.875,"y":124.25,"width":897,"height":1156,"visible":true,"styles":{"blendOptions":{"mode":"passThrough"},"layerEffects":{"scale":100,"solidFill":{"enabled":true,"present":true,"showInDialog":true,"mode":"screen","color":{"red":203.996887207031,"green":67.9989624023438,"blue":81.9987487792969},"opacity":100}}},"color":"#CB4351","image":null,"contents":null,"font":null,"layers":[{"id":5,"name":"Main 1","type":"Shape","opacity":100,"fill":100,"x":352.875,"y":124.25,"width":897,"height":1156,"visible":true,"styles":{"blendOptions":{}},"color":null,"image":"assets\/q1gi8lb5mq5ekkp32fnaj00e2rcjogf6.svg","contents":null,"font":null,"layers":[],"smartObject":null,"smartFilters":null}],"smartObject":null,"smartFilters":null},{"id":3,"name":"Shadow","type":"Folder","opacity":100,"x":249.938,"y":104.656,"width":1067,"height":1391,"visible":true,"styles":{"blendOptions":{"mode":"passThrough"},"layerEffects":{"scale":100,"solidFill":{"enabled":true,"present":true,"showInDialog":true,"mode":"screen","color":{"red":89.9986267089844,"green":37.9994201660156,"blue":55.9991455078125},"opacity":100}}},"color":"#592537","image":null,"contents":null,"font":null,"layers":[{"id":2,"name":"Shadow 1","type":"Shape","opacity":100,"fill":100,"x":249.938,"y":104.656,"width":1067,"height":1391,"visible":true,"styles":{"blendOptions":{}},"color":null,"image":"assets\/08ufdnsb779kl0m0myt8d7uina9dxm3h.svg","contents":null,"font":null,"layers":[],"smartObject":null,"smartFilters":null}],"smartObject":null,"smartFilters":null}],"smartObject":null,"smartFilters":null},{"id":26,"name":"_system.square_checkered_layer","type":"Unknown","opacity":100,"fill":100,"x":0,"y":0,"width":1600,"height":1600,"visible":true,"styles":{"blendOptions":{}},"color":null,"image":null,"contents":null,"font":null,"layers":[],"smartObject":null,"smartFilters":null}],"smartObject":null}