{"id":"5soq41trg04bwll00t5oq6mjqnvqg5mq","name":"input_file","type":"Document","x":0,"y":0,"width":1600,"height":1600,"resolution":72,"visible":true,"color":null,"image":"assets\/micjujr47702eq5nxv324f6mojbmw9kx.jpg","contents":null,"font":null,"layers":[{"id":17,"name":"Graphic","type":"Folder","opacity":100,"x":90.4688,"y":97.0938,"width":1402,"height":1408,"visible":true,"styles":{"blendOptions":{"mode":"passThrough"}},"color":null,"image":null,"contents":null,"font":null,"layers":[{"id":19,"name":"Graphic Indicators","type":"Folder","opacity":50.1960784313726,"x":249.531,"y":229.562,"width":1141,"height":1141,"visible":false,"styles":{"blendOptions":{"opacity":50,"mode":"passThrough"}},"color":null,"image":null,"contents":null,"font":null,"layers":[{"id":22,"name":"Visual Center","type":"Shape","opacity":100,"fill":100,"x":814.594,"y":794.625,"width":13,"height":13,"visible":false,"styles":{"blendOptions":{}},"color":null,"image":"assets\/pdm7hqacflpusj94r589koykmhxbt528.svg","contents":null,"font":null,"layers":[],"smartObject":null,"smartFilters":null},{"id":21,"name":"Focus Area","type":"Shape","opacity":100,"fill":100,"x":249.531,"y":229.562,"width":1141,"height":1141,"visible":false,"styles":{"blendOptions":{}},"color":null,"image":"assets\/bvise0vw9bfic6e2ov61cyyr6ofnl0rp.svg","contents":null,"font":null,"layers":[],"smartObject":null,"smartFilters":null}],"smartObject":null,"smartFilters":null},{"id":15,"name":"White","type":"Folder","opacity":100,"x":108.438,"y":229.938,"width":1182,"height":1211,"visible":true,"styles":{"blendOptions":{"mode":"passThrough"}},"color":null,"image":null,"contents":null,"font":null,"layers":[{"id":14,"name":"White 1","type":"Shape","opacity":100,"fill":100,"x":108.438,"y":229.938,"width":1182,"height":1211,"visible":true,"styles":{"blendOptions":{}},"color":null,"image":"assets\/89qq85fdwljv52re8j4terb6ksffvsew.svg","contents":null,"font":null,"layers":[],"smartObject":null,"smartFilters":null}],"smartObject":null,"smartFilters":null},{"id":12,"name":"Accent","type":"Folder","opacity":100,"x":135.656,"y":344.281,"width":1238,"height":847,"visible":true,"styles":{"blendOptions":{"mode":"passThrough"},"layerEffects":{"scale":100,"solidFill":{"enabled":true,"present":true,"showInDialog":true,"mode":"screen","color":{"red":255,"green":203.996887207031,"blue":39.9993896484375},"opacity":100}}},"color":"#FFCB27","image":null,"contents":null,"font":null,"layers":[{"id":11,"name":"Accent 1","type":"Shape","opacity":100,"fill":100,"x":135.656,"y":344.281,"width":1238,"height":847,"visible":true,"styles":{"blendOptions":{}},"color":null,"image":"assets\/rwfdkorkddtec4m0emiyt7jqo4j642uj.svg","contents":null,"font":null,"layers":[],"smartObject":null,"smartFilters":null}],"smartObject":null,"smartFilters":null},{"id":9,"name":"Lights","type":"Folder","opacity":100,"x":108.438,"y":223.281,"width":1352,"height":1253,"visible":true,"styles":{"blendOptions":{"mode":"passThrough"},"layerEffects":{"scale":100,"solidFill":{"enabled":true,"present":true,"showInDialog":true,"mode":"screen","color":{"red":119.002075195312,"green":201.000823974609,"blue":255},"opacity":100}}},"color":"#77C9FF","image":null,"contents":null,"font":null,"layers":[{"id":8,"name":"Lights 1","type":"Shape","opacity":100,"fill":100,"x":108.438,"y":223.281,"width":1352,"height":1253,"visible":true,"styles":{"blendOptions":{}},"color":null,"image":"assets\/sdrlk8qv57uhk6tbak5fx714ggclqpmb.svg","contents":null,"font":null,"layers":[],"smartObject":null,"smartFilters":null}],"smartObject":null,"smartFilters":null},{"id":6,"name":"Main","type":"Folder","opacity":100,"x":108.438,"y":112.219,"width":1365,"height":1364,"visible":true,"styles":{"blendOptions":{"mode":"passThrough"},"layerEffects":{"scale":100,"solidFill":{"enabled":true,"present":true,"showInDialog":true,"mode":"screen","color":{"red":41.0032653808594,"green":111.998291015625,"blue":185.001068115234},"opacity":100}}},"color":"#296FB9","image":null,"contents":null,"font":null,"layers":[{"id":5,"name":"Main 1","type":"Shape","opacity":100,"fill":100,"x":108.438,"y":112.219,"width":1365,"height":1364,"visible":true,"styles":{"blendOptions":{}},"color":null,"image":"assets\/m48ow1d885r8cvltnqxm3yogpvy6eeuo.svg","contents":null,"font":null,"layers":[],"smartObject":null,"smartFilters":null}],"smartObject":null,"smartFilters":null},{"id":3,"name":"Shadow","type":"Folder","opacity":100,"x":90.4688,"y":97.0938,"width":1402,"height":1408,"visible":true,"styles":{"blendOptions":{"mode":"passThrough"},"layerEffects":{"scale":100,"solidFill":{"enabled":true,"present":true,"showInDialog":true,"mode":"screen","color":{"red":33.9994812011719,"green":51.0031127929688,"blue":65.9989929199219},"opacity":100}}},"color":"#213341","image":null,"contents":null,"font":null,"layers":[{"id":2,"name":"Shadow 1","type":"Shape","opacity":100,"fill":100,"x":90.4688,"y":97.0938,"width":1402,"height":1408,"visible":true,"styles":{"blendOptions":{}},"color":null,"image":"assets\/gv95nonh462cfmpuepb72xigi57r37tu.svg","contents":null,"font":null,"layers":[],"smartObject":null,"smartFilters":null}],"smartObject":null,"smartFilters":null}],"smartObject":null,"smartFilters":null},{"id":24,"name":"_system.square_checkered_layer","type":"Unknown","opacity":100,"fill":100,"x":0,"y":0,"width":1600,"height":1600,"visible":true,"styles":{"blendOptions":{}},"color":null,"image":null,"contents":null,"font":null,"layers":[],"smartObject":null,"smartFilters":null}],"smartObject":null}