{"id":"25028o7jwqusn16wnlmq2f5jhodv1bsv","name":"input_file","type":"Document","x":0,"y":0,"width":1600,"height":1600,"resolution":72,"visible":true,"color":null,"image":"assets\/xsd027traq2hqwox3kq90edflnymiyjs.jpg","contents":null,"font":null,"layers":[{"id":22,"name":"Graphic","type":"Folder","opacity":100,"x":260.438,"y":135.25,"width":1070,"height":1336,"visible":true,"styles":{"blendOptions":{"mode":"passThrough"}},"color":null,"image":null,"contents":null,"font":null,"layers":[{"id":17,"name":"Graphic Indicators","type":"Folder","opacity":50.1960784313726,"x":260.688,"y":289.5,"width":1070,"height":924,"visible":false,"styles":{"blendOptions":{"opacity":50,"mode":"passThrough"}},"color":null,"image":null,"contents":null,"font":null,"layers":[{"id":21,"name":"Visual Center","type":"Shape","opacity":100,"fill":100,"x":788.125,"y":511.781,"width":10,"height":10,"visible":false,"styles":{"blendOptions":{}},"color":null,"image":"assets\/1miwm4bsfnl0eip7750b82r6abci57d8.svg","contents":null,"font":null,"layers":[],"smartObject":null,"smartFilters":null},{"id":19,"name":"Focus Area","type":"Shape","opacity":100,"fill":100,"x":260.688,"y":289.5,"width":1070,"height":924,"visible":false,"styles":{"blendOptions":{}},"color":null,"image":"assets\/tgj3b023d0821oc66coaedgqtspgwwyn.svg","contents":null,"font":null,"layers":[],"smartObject":null,"smartFilters":null}],"smartObject":null,"smartFilters":null},{"id":15,"name":"White","type":"Folder","opacity":100,"x":346.469,"y":249.594,"width":903,"height":835,"visible":true,"styles":{"blendOptions":{"mode":"passThrough"}},"color":null,"image":null,"contents":null,"font":null,"layers":[{"id":14,"name":"White 1","type":"Shape","opacity":100,"fill":100,"x":346.469,"y":249.594,"width":903,"height":835,"visible":true,"styles":{"blendOptions":{}},"color":null,"image":"assets\/qnf4jl1x0ngjetekthvqti3vd3vcg4n2.svg","contents":null,"font":null,"layers":[],"smartObject":null,"smartFilters":null}],"smartObject":null,"smartFilters":null},{"id":12,"name":"Accent","type":"Folder","opacity":100,"x":294.281,"y":184.406,"width":1004,"height":1258,"visible":true,"styles":{"blendOptions":{"mode":"passThrough"},"layerEffects":{"scale":100,"solidFill":{"enabled":true,"present":true,"showInDialog":true,"mode":"screen","color":{"red":99.7548615932465,"green":183.000004291534,"blue":170.264592468739},"opacity":100}}},"color":"#63B7AA","image":null,"contents":null,"font":null,"layers":[{"id":11,"name":"Accent 1","type":"Shape","opacity":100,"fill":100,"x":294.281,"y":184.406,"width":1004,"height":1258,"visible":true,"styles":{"blendOptions":{}},"color":null,"image":"assets\/xl4fa9istvraam2sf1bnurfnj5srqe4r.svg","contents":null,"font":null,"layers":[],"smartObject":null,"smartFilters":null}],"smartObject":null,"smartFilters":null},{"id":9,"name":"Lights","type":"Folder","opacity":100,"x":346.469,"y":196.156,"width":900,"height":1094,"visible":true,"styles":{"blendOptions":{"mode":"passThrough"},"layerEffects":{"scale":100,"solidFill":{"enabled":true,"present":true,"showInDialog":true,"mode":"screen","color":{"red":220.000002086163,"green":141.988333761692,"blue":111.295716315508},"opacity":100}}},"color":"#DC8D6F","image":null,"contents":null,"font":null,"layers":[{"id":8,"name":"Lights 1","type":"Shape","opacity":100,"fill":100,"x":346.469,"y":196.156,"width":900,"height":1094,"visible":true,"styles":{"blendOptions":{}},"color":null,"image":"assets\/3s5misf8ksxqq87ry2ewtq49kdu3y9n7.svg","contents":null,"font":null,"layers":[],"smartObject":null,"smartFilters":null}],"smartObject":null,"smartFilters":null},{"id":6,"name":"Main","type":"Folder","opacity":100,"x":484.625,"y":181.219,"width":733,"height":1121,"visible":true,"styles":{"blendOptions":{"mode":"passThrough"},"layerEffects":{"scale":100,"solidFill":{"enabled":true,"present":true,"showInDialog":true,"mode":"screen","color":{"red":160.000005662441,"green":86.3501916825771,"blue":57.1011661738157},"opacity":100}}},"color":"#A05639","image":null,"contents":null,"font":null,"layers":[{"id":5,"name":"Main 1","type":"Shape","opacity":100,"fill":100,"x":484.625,"y":181.219,"width":733,"height":1121,"visible":true,"styles":{"blendOptions":{}},"color":null,"image":"assets\/6qjioh2vi259a0c94jabvurqu3h2yjv9.svg","contents":null,"font":null,"layers":[],"smartObject":null,"smartFilters":null}],"smartObject":null,"smartFilters":null},{"id":3,"name":"Shadow","type":"Folder","opacity":100,"x":260.438,"y":135.25,"width":1069,"height":1336,"visible":true,"styles":{"blendOptions":{"mode":"passThrough"},"layerEffects":{"scale":100,"solidFill":{"enabled":true,"present":true,"showInDialog":true,"mode":"screen","color":{"red":74.0000031888485,"green":33.498056307435,"blue":17.4124516546726},"opacity":100}}},"color":"#4A2111","image":null,"contents":null,"font":null,"layers":[{"id":2,"name":"Shadow 1","type":"Shape","opacity":100,"fill":100,"x":260.438,"y":135.25,"width":1069,"height":1336,"visible":true,"styles":{"blendOptions":{}},"color":null,"image":"assets\/qvsuqhx01cs2sx606rvue7qibdp163gv.svg","contents":null,"font":null,"layers":[],"smartObject":null,"smartFilters":null}],"smartObject":null,"smartFilters":null}],"smartObject":null,"smartFilters":null},{"id":26,"name":"_system.square_checkered_layer","type":"Unknown","opacity":100,"fill":100,"x":0,"y":0,"width":1600,"height":1600,"visible":true,"styles":{"blendOptions":{}},"color":null,"image":null,"contents":null,"font":null,"layers":[],"smartObject":null,"smartFilters":null}],"smartObject":null}