{"id":"hk80akxih5bry62s730k6miu8iareugb","name":"input_file","type":"Document","x":0,"y":0,"width":500,"height":500,"resolution":72,"visible":true,"color":null,"image":"assets\/fnqll2ccb2mfsg8qxs557bwobjmc5nwv.jpg","contents":null,"font":null,"layers":[{"id":22,"name":"Graphic","type":"Folder","opacity":100,"x":33,"y":23,"width":387,"height":455,"visible":true,"styles":{"blendOptions":{"mode":"passThrough"}},"color":null,"image":null,"contents":null,"font":null,"layers":[{"id":17,"name":"Graphic Indicators","type":"Folder","opacity":50.1960784313726,"x":96.8125,"y":68.7812,"width":324,"height":305,"visible":false,"styles":{"blendOptions":{"opacity":50,"mode":"passThrough"}},"color":null,"image":null,"contents":null,"font":null,"layers":[{"id":21,"name":"Visual Center","type":"Shape","opacity":100,"fill":100,"x":249.031,"y":306.938,"width":20,"height":21,"visible":false,"styles":{"blendOptions":{}},"color":null,"image":"assets\/mpt3i1xk8rcw4h4rqgl4qg7ti3jd15r1.svg","contents":null,"font":null,"layers":[],"smartObject":null,"smartFilters":null},{"id":19,"name":"Focus Area","type":"Shape","opacity":100,"fill":100,"x":96.8125,"y":68.7812,"width":324,"height":305,"visible":false,"styles":{"blendOptions":{}},"color":null,"image":"assets\/ilgcnk07bhwi8g9mhap959yrdj7tkb6u.svg","contents":null,"font":null,"layers":[],"smartObject":null,"smartFilters":null}],"smartObject":null,"smartFilters":null},{"id":15,"name":"White","type":"Folder","opacity":100,"x":194.156,"y":40.0625,"width":89,"height":278,"visible":true,"styles":{"blendOptions":{"mode":"passThrough"}},"color":null,"image":null,"contents":null,"font":null,"layers":[{"id":14,"name":"White 1","type":"Shape","opacity":100,"fill":100,"x":194.156,"y":40.0625,"width":89,"height":278,"visible":true,"styles":{"blendOptions":{}},"color":null,"image":"assets\/5vvt1q5r2kyc5pthrq435xlg34ecup2n.svg","contents":null,"font":null,"layers":[],"smartObject":null,"smartFilters":null}],"smartObject":null,"smartFilters":null},{"id":12,"name":"Accent","type":"Folder","opacity":100,"x":46.3438,"y":25.8125,"width":374,"height":453,"visible":true,"styles":{"blendOptions":{"mode":"passThrough"},"layerEffects":{"scale":100,"solidFill":{"enabled":true,"present":true,"showInDialog":true,"mode":"screen","color":{"red":95.00244140625,"green":197.996978759766,"blue":55.0030517578125},"opacity":100}}},"color":"#5FC537","image":null,"contents":null,"font":null,"layers":[{"id":11,"name":"Accent 1","type":"Shape","opacity":100,"fill":100,"x":46.3438,"y":25.8125,"width":374,"height":453,"visible":true,"styles":{"blendOptions":{}},"color":null,"image":"assets\/0k2gop2dgtax69r9i1uob057nemr5d0i.svg","contents":null,"font":null,"layers":[],"smartObject":null,"smartFilters":null}],"smartObject":null,"smartFilters":null},{"id":9,"name":"Lights","type":"Folder","opacity":100,"x":55.3438,"y":28.3125,"width":245,"height":413,"visible":true,"styles":{"blendOptions":{"mode":"passThrough"},"layerEffects":{"scale":100,"solidFill":{"enabled":true,"present":true,"showInDialog":true,"mode":"screen","color":{"red":255,"green":131.997985839844,"blue":83.9987182617188},"opacity":100}}},"color":"#FF8353","image":null,"contents":null,"font":null,"layers":[{"id":8,"name":"Lights 1","type":"Shape","opacity":100,"fill":100,"x":55.3438,"y":28.3125,"width":245,"height":413,"visible":true,"styles":{"blendOptions":{}},"color":null,"image":"assets\/7tx4cmgiw3e7ok8rpu70je2vc6rvg7ja.svg","contents":null,"font":null,"layers":[],"smartObject":null,"smartFilters":null}],"smartObject":null,"smartFilters":null},{"id":6,"name":"Main","type":"Folder","opacity":100,"x":36.125,"y":27.4688,"width":373,"height":416,"visible":true,"styles":{"blendOptions":{"mode":"passThrough"},"layerEffects":{"scale":100,"solidFill":{"enabled":true,"present":true,"showInDialog":true,"mode":"screen","color":{"red":241.000213623047,"green":49.9992370605469,"blue":19.0036010742188},"opacity":100}}},"color":"#F13113","image":null,"contents":null,"font":null,"layers":[{"id":5,"name":"Main 1","type":"Shape","opacity":100,"fill":100,"x":36.125,"y":27.4688,"width":373,"height":416,"visible":true,"styles":{"blendOptions":{}},"color":null,"image":"assets\/13epevs4t9i8j4if4u3wkrsg7cs4sit9.svg","contents":null,"font":null,"layers":[],"smartObject":null,"smartFilters":null}],"smartObject":null,"smartFilters":null},{"id":3,"name":"Shadow","type":"Folder","opacity":100,"x":33,"y":23,"width":376,"height":446,"visible":true,"styles":{"blendOptions":{"mode":"passThrough"},"layerEffects":{"scale":100,"solidFill":{"enabled":true,"present":true,"showInDialog":true,"mode":"screen","color":{"red":101.002349853516,"green":0,"blue":3.00384521484375},"opacity":100}}},"color":"#650003","image":null,"contents":null,"font":null,"layers":[{"id":2,"name":"Shadow 1","type":"Shape","opacity":100,"fill":100,"x":33,"y":23,"width":376,"height":446,"visible":true,"styles":{"blendOptions":{}},"color":null,"image":"assets\/016r0vo8rhuv7fwiebex1kt4eld2rtki.svg","contents":null,"font":null,"layers":[],"smartObject":null,"smartFilters":null}],"smartObject":null,"smartFilters":null}],"smartObject":null,"smartFilters":null},{"id":25,"name":"_system.square_checkered_layer","type":"Unknown","opacity":100,"fill":100,"x":0,"y":0,"width":500,"height":500,"visible":true,"styles":{"blendOptions":{}},"color":null,"image":null,"contents":null,"font":null,"layers":[],"smartObject":null,"smartFilters":null}],"smartObject":null}