{"id":"fyd7que0qe11e81lapf67fkaueiu5hbr","name":"input_file","type":"Document","x":0,"y":0,"width":1600,"height":1600,"resolution":72,"visible":true,"color":null,"image":"assets\/sfv00xgqbi1aap8y1roxgm4ttxpacqkq.jpg","contents":null,"font":null,"layers":[{"id":22,"name":"Graphic","type":"Folder","opacity":100,"x":196.656,"y":80,"width":1151,"height":1410,"visible":true,"styles":{"blendOptions":{"mode":"passThrough"}},"color":null,"image":null,"contents":null,"font":null,"layers":[{"id":17,"name":"Graphic Indicators","type":"Folder","opacity":50.1960784313726,"x":291.5,"y":171.781,"width":1021,"height":1122,"visible":false,"styles":{"blendOptions":{"opacity":50,"mode":"passThrough"}},"color":null,"image":null,"contents":null,"font":null,"layers":[{"id":21,"name":"Visual Center","type":"Shape","opacity":100,"fill":100,"x":814.906,"y":649.188,"width":10,"height":10,"visible":false,"styles":{"blendOptions":{}},"color":null,"image":"assets\/ajr9hs6v4ryldw5rgy5uauj681as6x1y.svg","contents":null,"font":null,"layers":[],"smartObject":null,"smartFilters":null},{"id":19,"name":"Focus Area","type":"Shape","opacity":100,"fill":100,"x":291.5,"y":171.781,"width":1021,"height":1122,"visible":false,"styles":{"blendOptions":{}},"color":null,"image":"assets\/6hvq88p4jn0iwu0adygmxj22fkvmo846.svg","contents":null,"font":null,"layers":[],"smartObject":null,"smartFilters":null}],"smartObject":null,"smartFilters":null},{"id":15,"name":"White","type":"Folder","opacity":100,"x":313.156,"y":267.656,"width":846,"height":1164,"visible":true,"styles":{"blendOptions":{"mode":"passThrough"}},"color":null,"image":null,"contents":null,"font":null,"layers":[{"id":14,"name":"White 1","type":"Shape","opacity":100,"fill":100,"x":313.156,"y":267.656,"width":846,"height":1164,"visible":true,"styles":{"blendOptions":{}},"color":null,"image":"assets\/8ianieyper0xf3r30cbomcid2xwy4ro5.svg","contents":null,"font":null,"layers":[],"smartObject":null,"smartFilters":null}],"smartObject":null,"smartFilters":null},{"id":12,"name":"Accent","type":"Folder","opacity":100,"x":196.656,"y":80,"width":1151,"height":1410,"visible":true,"styles":{"blendOptions":{"mode":"passThrough"},"layerEffects":{"scale":100,"solidFill":{"enabled":true,"present":true,"showInDialog":true,"mode":"screen","color":{"red":249.000091552734,"green":227.996520996094,"blue":173.001251220703},"opacity":100}}},"color":"#F9E3AD","image":null,"contents":null,"font":null,"layers":[{"id":11,"name":"Accent 1","type":"Shape","opacity":100,"fill":100,"x":196.656,"y":80,"width":1151,"height":1410,"visible":true,"styles":{"blendOptions":{}},"color":null,"image":"assets\/k8qxaj211s1umq5d045a3229y1ld8xln.svg","contents":null,"font":null,"layers":[],"smartObject":null,"smartFilters":null}],"smartObject":null,"smartFilters":null},{"id":9,"name":"Lights","type":"Folder","opacity":100,"x":317.719,"y":191.031,"width":1004,"height":1274,"visible":true,"styles":{"blendOptions":{"mode":"passThrough"},"layerEffects":{"scale":100,"solidFill":{"enabled":true,"present":true,"showInDialog":true,"mode":"screen","color":{"red":229.996490478516,"green":175.997314453125,"blue":151.997680664062},"opacity":100}}},"color":"#E5AF97","image":null,"contents":null,"font":null,"layers":[{"id":8,"name":"Lights 1","type":"Shape","opacity":100,"fill":100,"x":317.719,"y":191.031,"width":1004,"height":1274,"visible":true,"styles":{"blendOptions":{}},"color":null,"image":"assets\/ig3htpslwi2cnrl678sfsfu7pi1x85fl.svg","contents":null,"font":null,"layers":[],"smartObject":null,"smartFilters":null}],"smartObject":null,"smartFilters":null},{"id":6,"name":"Main","type":"Folder","opacity":100,"x":432.75,"y":481.094,"width":880,"height":978,"visible":true,"styles":{"blendOptions":{"mode":"passThrough"},"layerEffects":{"scale":100,"solidFill":{"enabled":true,"present":true,"showInDialog":true,"mode":"screen","color":{"red":203.996887207031,"green":67.9989624023438,"blue":81.9987487792969},"opacity":100}}},"color":"#CB4351","image":null,"contents":null,"font":null,"layers":[{"id":5,"name":"Main 1","type":"Shape","opacity":100,"fill":100,"x":432.75,"y":481.094,"width":880,"height":978,"visible":true,"styles":{"blendOptions":{}},"color":null,"image":"assets\/t1va9wsyid7ccfqxcmc3xgmyl9hek04f.svg","contents":null,"font":null,"layers":[],"smartObject":null,"smartFilters":null}],"smartObject":null,"smartFilters":null},{"id":3,"name":"Shadow","type":"Folder","opacity":100,"x":211.281,"y":94.625,"width":1121,"height":1382,"visible":true,"styles":{"blendOptions":{"mode":"passThrough"},"layerEffects":{"scale":100,"solidFill":{"enabled":true,"present":true,"showInDialog":true,"mode":"screen","color":{"red":89.9986267089844,"green":37.9994201660156,"blue":55.9991455078125},"opacity":100}}},"color":"#592537","image":null,"contents":null,"font":null,"layers":[{"id":2,"name":"Shadow 1","type":"Shape","opacity":100,"fill":100,"x":211.281,"y":94.625,"width":1121,"height":1382,"visible":true,"styles":{"blendOptions":{}},"color":null,"image":"assets\/w96slc9eo9rdp6rvqswtvrv1vpi848ir.svg","contents":null,"font":null,"layers":[],"smartObject":null,"smartFilters":null}],"smartObject":null,"smartFilters":null}],"smartObject":null,"smartFilters":null},{"id":26,"name":"_system.square_checkered_layer","type":"Unknown","opacity":100,"fill":100,"x":0,"y":0,"width":1600,"height":1600,"visible":true,"styles":{"blendOptions":{}},"color":null,"image":null,"contents":null,"font":null,"layers":[],"smartObject":null,"smartFilters":null}],"smartObject":null}