{"id":"umny3miah1pxr083oo9evxgl7m2vnwry","name":"input_file","type":"Document","x":0,"y":0,"width":1600,"height":1600,"resolution":72,"visible":true,"color":null,"image":"assets\/l3wdv86tgof6ug6ud4e7o1s7o1rm83up.jpg","contents":null,"font":null,"layers":[{"id":17,"name":"Graphic","type":"Folder","opacity":100,"x":114.531,"y":38,"width":1438,"height":1522,"visible":true,"styles":{"blendOptions":{"mode":"passThrough"}},"color":null,"image":null,"contents":null,"font":null,"layers":[{"id":19,"name":"Graphic Indicators","type":"Folder","opacity":50.1960784313726,"x":345.594,"y":195.188,"width":910,"height":1060,"visible":false,"styles":{"blendOptions":{"opacity":50,"mode":"passThrough"}},"color":null,"image":null,"contents":null,"font":null,"layers":[{"id":22,"name":"Visual Center","type":"Shape","opacity":100,"fill":100,"x":792.531,"y":792.531,"width":17,"height":17,"visible":false,"styles":{"blendOptions":{}},"color":null,"image":"assets\/gvh0ljmr4323n885i7k9o8bdoodymqti.svg","contents":null,"font":null,"layers":[],"smartObject":null,"smartFilters":null},{"id":21,"name":"Focus Area","type":"Shape","opacity":100,"fill":100,"x":345.594,"y":195.188,"width":910,"height":1060,"visible":false,"styles":{"blendOptions":{}},"color":null,"image":"assets\/1axp9s93dkgfb38920qdvokb9cokdgl6.svg","contents":null,"font":null,"layers":[],"smartObject":null,"smartFilters":null}],"smartObject":null,"smartFilters":null},{"id":15,"name":"White","type":"Folder","opacity":100,"x":287.969,"y":64.6875,"width":1091,"height":763,"visible":true,"styles":{"blendOptions":{"mode":"passThrough"}},"color":null,"image":null,"contents":null,"font":null,"layers":[{"id":14,"name":"White 1","type":"Shape","opacity":100,"fill":100,"x":287.969,"y":64.6875,"width":1091,"height":763,"visible":true,"styles":{"blendOptions":{}},"color":null,"image":"assets\/fit1fd3pvilkhpotrh3mmwg0qlp4nyo0.svg","contents":null,"font":null,"layers":[],"smartObject":null,"smartFilters":null}],"smartObject":null,"smartFilters":null},{"id":12,"name":"Accent","type":"Folder","opacity":100,"x":173.281,"y":387.719,"width":1305,"height":1104,"visible":true,"styles":{"blendOptions":{"mode":"passThrough"},"layerEffects":{"scale":100,"solidFill":{"enabled":true,"present":true,"showInDialog":true,"mode":"screen","color":{"red":213.000002503395,"green":213.000002503395,"blue":213.000002503395},"opacity":100}}},"color":"#D5D5D5","image":null,"contents":null,"font":null,"layers":[{"id":11,"name":"Accent 1","type":"Shape","opacity":100,"fill":100,"x":173.281,"y":387.719,"width":1305,"height":1104,"visible":true,"styles":{"blendOptions":{}},"color":null,"image":"assets\/tjk9gjlfien82c2fy5jkd5s3m86q35fw.svg","contents":null,"font":null,"layers":[],"smartObject":null,"smartFilters":null}],"smartObject":null,"smartFilters":null},{"id":9,"name":"Lights","type":"Folder","opacity":100,"x":279.625,"y":195.156,"width":922,"height":852,"visible":true,"styles":{"blendOptions":{"mode":"passThrough"},"layerEffects":{"scale":100,"solidFill":{"enabled":true,"present":true,"showInDialog":true,"mode":"screen","color":{"red":179.000004529953,"green":179.000004529953,"blue":179.000004529953},"opacity":100}}},"color":"#B3B3B3","image":null,"contents":null,"font":null,"layers":[{"id":8,"name":"Lights 1","type":"Shape","opacity":100,"fill":100,"x":279.625,"y":195.156,"width":922,"height":852,"visible":true,"styles":{"blendOptions":{}},"color":null,"image":"assets\/eq7xo96slhlqimnwe8m5r3abta8j1idu.svg","contents":null,"font":null,"layers":[],"smartObject":null,"smartFilters":null}],"smartObject":null,"smartFilters":null},{"id":6,"name":"Main","type":"Folder","opacity":100,"x":286.844,"y":143,"width":1056,"height":1165,"visible":true,"styles":{"blendOptions":{"mode":"passThrough"},"layerEffects":{"scale":100,"solidFill":{"enabled":true,"present":true,"showInDialog":true,"mode":"screen","color":{"red":105.000001341105,"green":105.000001341105,"blue":105.000001341105},"opacity":100}}},"color":"#696969","image":null,"contents":null,"font":null,"layers":[{"id":5,"name":"Main 1","type":"Shape","opacity":100,"fill":100,"x":286.844,"y":143,"width":1056,"height":1165,"visible":true,"styles":{"blendOptions":{}},"color":null,"image":"assets\/3rlkjvhr9gax9gn8jl3d9ich6pchgq06.svg","contents":null,"font":null,"layers":[],"smartObject":null,"smartFilters":null}],"smartObject":null,"smartFilters":null},{"id":3,"name":"Shadow","type":"Folder","opacity":100,"x":114.531,"y":38,"width":1438,"height":1522,"visible":true,"styles":{"blendOptions":{"mode":"passThrough"},"layerEffects":{"scale":100,"solidFill":{"enabled":true,"present":true,"showInDialog":true,"mode":"screen","color":{"red":36.0000016540289,"green":36.0000016540289,"blue":36.0000016540289},"opacity":100}}},"color":"#242424","image":null,"contents":null,"font":null,"layers":[{"id":2,"name":"Shadow 1","type":"Shape","opacity":100,"fill":100,"x":114.531,"y":38,"width":1438,"height":1522,"visible":true,"styles":{"blendOptions":{}},"color":null,"image":"assets\/9xybpqjxn7hm6m213akotj42191j87xg.svg","contents":null,"font":null,"layers":[],"smartObject":null,"smartFilters":null}],"smartObject":null,"smartFilters":null}],"smartObject":null,"smartFilters":null},{"id":24,"name":"_system.square_checkered_layer","type":"Unknown","opacity":100,"fill":100,"x":0,"y":0,"width":1600,"height":1600,"visible":true,"styles":{"blendOptions":{}},"color":null,"image":null,"contents":null,"font":null,"layers":[],"smartObject":null,"smartFilters":null}],"smartObject":null}