{"id":"ammliq2ymt844bt21b3ofkq08aicnyu6","name":"input_file","type":"Document","x":0,"y":0,"width":720,"height":720,"resolution":72,"visible":true,"color":null,"image":"assets\/npq9r4h7kioaq6253yw1at8qaws7i0c8.jpg","contents":null,"font":null,"layers":[{"id":17,"name":"Graphic","type":"Folder","opacity":100,"x":125.938,"y":26.0312,"width":470,"height":668,"visible":true,"styles":{"blendOptions":{"mode":"passThrough"}},"color":null,"image":null,"contents":null,"font":null,"layers":[{"id":19,"name":"Graphic Indicators","type":"Folder","opacity":50.1960784313726,"x":158,"y":153,"width":405,"height":443,"visible":false,"styles":{"blendOptions":{"opacity":50,"mode":"passThrough"}},"color":null,"image":null,"contents":null,"font":null,"layers":[{"id":22,"name":"Visual Center","type":"Shape","opacity":100,"fill":100,"x":353,"y":494,"width":15,"height":15,"visible":false,"styles":{"blendOptions":{}},"color":null,"image":"assets\/th62xoc01xq4lrp2n3xh81alrf2tqenf.svg","contents":null,"font":null,"layers":[],"smartObject":null,"smartFilters":null},{"id":21,"name":"Focus Area","type":"Shape","opacity":100,"fill":100,"x":158,"y":153,"width":405,"height":443,"visible":false,"styles":{"blendOptions":{}},"color":null,"image":"assets\/f4gybtbvyody7i7rpyn8rqfs86wa3cj7.svg","contents":null,"font":null,"layers":[],"smartObject":null,"smartFilters":null}],"smartObject":null,"smartFilters":null},{"id":15,"name":"White","type":"Folder","opacity":100,"x":181.969,"y":35,"width":337,"height":597,"visible":true,"styles":{"blendOptions":{"mode":"passThrough"}},"color":null,"image":null,"contents":null,"font":null,"layers":[{"id":14,"name":"White 1","type":"Shape","opacity":100,"fill":100,"x":181.969,"y":35,"width":337,"height":597,"visible":true,"styles":{"blendOptions":{}},"color":null,"image":"assets\/lilbba1vy7dcd3pcw1i1ioahc3y8a18h.svg","contents":null,"font":null,"layers":[],"smartObject":null,"smartFilters":null}],"smartObject":null,"smartFilters":null},{"id":12,"name":"Accent","type":"Folder","opacity":100,"x":136.094,"y":169.688,"width":448,"height":338,"visible":true,"styles":{"blendOptions":{"mode":"passThrough"},"layerEffects":{"scale":100,"solidFill":{"enabled":true,"present":true,"showInDialog":true,"mode":"screen","color":{"red":189.001007080078,"green":241.996307373047,"blue":113.002166748047},"opacity":100}}},"color":"#BDF171","image":null,"contents":null,"font":null,"layers":[{"id":11,"name":"Accent 1","type":"Shape","opacity":100,"fill":100,"x":136.094,"y":169.688,"width":448,"height":338,"visible":true,"styles":{"blendOptions":{}},"color":null,"image":"assets\/co0ki9iminx043e8imj51l02tlcfylvc.svg","contents":null,"font":null,"layers":[],"smartObject":null,"smartFilters":null}],"smartObject":null,"smartFilters":null},{"id":9,"name":"Lights","type":"Folder","opacity":100,"x":136.094,"y":32.6562,"width":448,"height":651,"visible":true,"styles":{"blendOptions":{"mode":"passThrough"},"layerEffects":{"scale":100,"solidFill":{"enabled":true,"present":true,"showInDialog":true,"mode":"screen","color":{"red":41.0032653808594,"green":217.000579833984,"blue":193.997039794922},"opacity":100}}},"color":"#29D9C1","image":null,"contents":null,"font":null,"layers":[{"id":8,"name":"Lights 1","type":"Shape","opacity":100,"fill":100,"x":136.094,"y":32.6562,"width":448,"height":651,"visible":true,"styles":{"blendOptions":{}},"color":null,"image":"assets\/gcec9p57q041afuyd8thtj07qrkcat3j.svg","contents":null,"font":null,"layers":[],"smartObject":null,"smartFilters":null}],"smartObject":null,"smartFilters":null},{"id":6,"name":"Main","type":"Folder","opacity":100,"x":136.094,"y":32.6562,"width":448,"height":651,"visible":true,"styles":{"blendOptions":{"mode":"passThrough"},"layerEffects":{"scale":100,"solidFill":{"enabled":true,"present":true,"showInDialog":true,"mode":"screen","color":{"red":1.00387573242188,"green":133.001861572266,"blue":165.997467041016},"opacity":100}}},"color":"#0185A5","image":null,"contents":null,"font":null,"layers":[{"id":5,"name":"Main 1","type":"Shape","opacity":100,"fill":100,"x":136.094,"y":32.6562,"width":448,"height":651,"visible":true,"styles":{"blendOptions":{}},"color":null,"image":"assets\/top7f1tttnrek5dj71gfkrl4i9qkomix.svg","contents":null,"font":null,"layers":[],"smartObject":null,"smartFilters":null}],"smartObject":null,"smartFilters":null},{"id":3,"name":"Shadow","type":"Folder","opacity":100,"x":125.938,"y":26.0312,"width":470,"height":668,"visible":true,"styles":{"blendOptions":{"mode":"passThrough"},"layerEffects":{"scale":100,"solidFill":{"enabled":true,"present":true,"showInDialog":true,"mode":"screen","color":{"red":47.003173828125,"green":41.0032653808594,"blue":51.0031127929688},"opacity":100}}},"color":"#2F2933","image":null,"contents":null,"font":null,"layers":[{"id":2,"name":"Shadow 1","type":"Shape","opacity":100,"fill":100,"x":125.938,"y":26.0312,"width":470,"height":668,"visible":true,"styles":{"blendOptions":{}},"color":null,"image":"assets\/pugl8r4c9bl2f9bpjrds90g9mpleb7ai.svg","contents":null,"font":null,"layers":[],"smartObject":null,"smartFilters":null}],"smartObject":null,"smartFilters":null}],"smartObject":null,"smartFilters":null},{"id":24,"name":"_system.square_checkered_layer","type":"Unknown","opacity":100,"fill":100,"x":0,"y":0,"width":720,"height":720,"visible":true,"styles":{"blendOptions":{}},"color":null,"image":null,"contents":null,"font":null,"layers":[],"smartObject":null,"smartFilters":null}],"smartObject":null}