{"id":"yywnyjf3wau6avpnamngnvk3ggitth5r","name":"input_file","type":"Document","x":0,"y":0,"width":720,"height":720,"resolution":72,"visible":true,"color":null,"image":"assets\/t2avqsycmrlw3c8u07wkqjatdv5qvica.jpg","contents":null,"font":null,"layers":[{"id":22,"name":"Graphic","type":"Folder","opacity":100,"x":0,"y":34.8125,"width":720,"height":673,"visible":true,"styles":{"blendOptions":{"mode":"passThrough"}},"color":null,"image":null,"contents":null,"font":null,"layers":[{"id":17,"name":"Graphic Indicators","type":"Folder","opacity":50.1960784313726,"x":85,"y":322,"width":541,"height":364,"visible":false,"styles":{"blendOptions":{"opacity":50,"mode":"passThrough"}},"color":null,"image":null,"contents":null,"font":null,"layers":[{"id":21,"name":"Visual Center","type":"Shape","opacity":100,"fill":100,"x":351,"y":322,"width":18,"height":18,"visible":false,"styles":{"blendOptions":{}},"color":null,"image":"assets\/gx7re72r94hw5ia8mdmq23f9nn87uko1.svg","contents":null,"font":null,"layers":[],"smartObject":null,"smartFilters":null},{"id":19,"name":"Focus Area","type":"Shape","opacity":100,"fill":100,"x":85,"y":396,"width":541,"height":290,"visible":false,"styles":{"blendOptions":{}},"color":null,"image":"assets\/dnmfc5vqvam3qq99f2wqt1ufi8kyn6fc.svg","contents":null,"font":null,"layers":[],"smartObject":null,"smartFilters":null}],"smartObject":null,"smartFilters":null},{"id":15,"name":"White","type":"Folder","opacity":100,"x":57.25,"y":181.031,"width":633,"height":508,"visible":true,"styles":{"blendOptions":{"mode":"passThrough"}},"color":null,"image":null,"contents":null,"font":null,"layers":[{"id":14,"name":"White 1","type":"Shape","opacity":100,"fill":100,"x":57.25,"y":181.031,"width":633,"height":508,"visible":true,"styles":{"blendOptions":{}},"color":null,"image":"assets\/d4qjpxgla2i7pddby25gpixyobvbgnfk.svg","contents":null,"font":null,"layers":[],"smartObject":null,"smartFilters":null}],"smartObject":null,"smartFilters":null},{"id":12,"name":"Accent","type":"Folder","opacity":100,"x":21.4688,"y":45.6875,"width":623,"height":600,"visible":true,"styles":{"blendOptions":{"mode":"passThrough"},"layerEffects":{"scale":100,"solidFill":{"enabled":true,"present":true,"showInDialog":true,"mode":"screen","color":{"red":249.000091552734,"green":209.000701904297,"blue":51.0031127929688},"opacity":100}}},"color":"#F9D133","image":null,"contents":null,"font":null,"layers":[{"id":11,"name":"Accent 1","type":"Shape","opacity":100,"fill":100,"x":21.4688,"y":45.6875,"width":623,"height":600,"visible":true,"styles":{"blendOptions":{}},"color":null,"image":"assets\/rm1owrqn1018lgvxs8mn5otgdax8paid.svg","contents":null,"font":null,"layers":[],"smartObject":null,"smartFilters":null}],"smartObject":null,"smartFilters":null},{"id":9,"name":"Lights","type":"Folder","opacity":100,"x":30.375,"y":92.5312,"width":644,"height":563,"visible":true,"styles":{"blendOptions":{"mode":"passThrough"},"layerEffects":{"scale":100,"solidFill":{"enabled":true,"present":true,"showInDialog":true,"mode":"screen","color":{"red":167.001342773438,"green":137.001800537109,"blue":211.996765136719},"opacity":100}}},"color":"#A789D3","image":null,"contents":null,"font":null,"layers":[{"id":8,"name":"Lights 1","type":"Shape","opacity":100,"fill":100,"x":30.375,"y":92.5312,"width":644,"height":563,"visible":true,"styles":{"blendOptions":{}},"color":null,"image":"assets\/26del248b3tcxlajo4r6cf0x9u280wg1.svg","contents":null,"font":null,"layers":[],"smartObject":null,"smartFilters":null}],"smartObject":null,"smartFilters":null},{"id":6,"name":"Main","type":"Folder","opacity":100,"x":182.188,"y":45.6875,"width":444,"height":623,"visible":true,"styles":{"blendOptions":{"mode":"passThrough"},"layerEffects":{"scale":100,"solidFill":{"enabled":true,"present":true,"showInDialog":true,"mode":"screen","color":{"red":91.0025024414062,"green":75.0027465820312,"blue":115.002136230469},"opacity":100}}},"color":"#5B4B73","image":null,"contents":null,"font":null,"layers":[{"id":5,"name":"Main 1","type":"Shape","opacity":100,"fill":100,"x":182.188,"y":45.6875,"width":444,"height":623,"visible":true,"styles":{"blendOptions":{}},"color":null,"image":"assets\/wghtxqukcwl2ef1l2vajyw62nafp3j5s.svg","contents":null,"font":null,"layers":[],"smartObject":null,"smartFilters":null}],"smartObject":null,"smartFilters":null},{"id":3,"name":"Shadow","type":"Folder","opacity":100,"x":0,"y":34.8125,"width":720,"height":673,"visible":true,"styles":{"blendOptions":{"mode":"passThrough"},"layerEffects":{"scale":100,"solidFill":{"enabled":true,"present":true,"showInDialog":true,"mode":"screen","color":{"red":21.5291830524802,"green":23.1867700070143,"blue":45.0000011175871},"opacity":100}}},"color":"#15172D","image":null,"contents":null,"font":null,"layers":[{"id":2,"name":"Shadow 1","type":"Shape","opacity":100,"fill":100,"x":0,"y":34.8125,"width":720,"height":673,"visible":true,"styles":{"blendOptions":{}},"color":null,"image":"assets\/44vkukyxtkutdo6hvcosqb56799lmwqj.svg","contents":null,"font":null,"layers":[],"smartObject":null,"smartFilters":null}],"smartObject":null,"smartFilters":null}],"smartObject":null,"smartFilters":null},{"id":25,"name":"_system.square_checkered_layer","type":"Unknown","opacity":100,"fill":100,"x":0,"y":0,"width":720,"height":720,"visible":true,"styles":{"blendOptions":{}},"color":null,"image":null,"contents":null,"font":null,"layers":[],"smartObject":null,"smartFilters":null}],"smartObject":null}