{"id":"4wk7njt6em8tr5rlwwbwfqsefhlnwape","name":"input_file","type":"Document","x":0,"y":0,"width":720,"height":720,"resolution":72,"visible":true,"color":null,"image":"assets\/7be7qf6sgvdrm7a824s5cf7tn5ai3y8b.jpg","contents":null,"font":null,"layers":[{"id":17,"name":"Graphic","type":"Folder","opacity":100,"x":110.344,"y":15.5625,"width":500,"height":690,"visible":true,"styles":{"blendOptions":{"mode":"passThrough"}},"color":null,"image":null,"contents":null,"font":null,"layers":[{"id":19,"name":"Graphic Indicators","type":"Folder","opacity":50.1960784313726,"x":138,"y":138,"width":444,"height":444,"visible":false,"styles":{"blendOptions":{"opacity":50,"mode":"passThrough"}},"color":null,"image":null,"contents":null,"font":null,"layers":[{"id":22,"name":"Visual Center","type":"Shape","opacity":100,"fill":100,"x":353,"y":420,"width":15,"height":15,"visible":false,"styles":{"blendOptions":{}},"color":null,"image":"assets\/g1bdrr3pcj31ofg2m4tjf86aq2oyv359.svg","contents":null,"font":null,"layers":[],"smartObject":null,"smartFilters":null},{"id":21,"name":"Focus Area","type":"Shape","opacity":100,"fill":100,"x":138,"y":138,"width":444,"height":444,"visible":false,"styles":{"blendOptions":{}},"color":null,"image":"assets\/mlv6qaj73vrdnw8al2pjapir23gfc76x.svg","contents":null,"font":null,"layers":[],"smartObject":null,"smartFilters":null}],"smartObject":null,"smartFilters":null},{"id":15,"name":"White","type":"Folder","opacity":100,"x":158.219,"y":136.781,"width":403,"height":557,"visible":true,"styles":{"blendOptions":{"mode":"passThrough"}},"color":null,"image":null,"contents":null,"font":null,"layers":[{"id":14,"name":"White 1","type":"Shape","opacity":100,"fill":100,"x":158.219,"y":136.781,"width":403,"height":557,"visible":true,"styles":{"blendOptions":{}},"color":null,"image":"assets\/fdgg7tv14wya535qm32mnooqtg6hv4b3.svg","contents":null,"font":null,"layers":[],"smartObject":null,"smartFilters":null}],"smartObject":null,"smartFilters":null},{"id":12,"name":"Accent","type":"Folder","opacity":100,"x":253.625,"y":163.938,"width":213,"height":335,"visible":true,"styles":{"blendOptions":{"mode":"passThrough"},"layerEffects":{"scale":100,"solidFill":{"enabled":true,"present":true,"showInDialog":true,"mode":"screen","color":{"red":255,"green":203.996887207031,"blue":39.9993896484375},"opacity":100}}},"color":"#FFCB27","image":null,"contents":null,"font":null,"layers":[{"id":11,"name":"Accent 1","type":"Shape","opacity":100,"fill":100,"x":253.625,"y":163.938,"width":213,"height":335,"visible":true,"styles":{"blendOptions":{}},"color":null,"image":"assets\/xts7vxbjvl79n7vrfjstibcd8eivsfsa.svg","contents":null,"font":null,"layers":[],"smartObject":null,"smartFilters":null}],"smartObject":null,"smartFilters":null},{"id":9,"name":"Lights","type":"Folder","opacity":100,"x":121.25,"y":28.7812,"width":479,"height":665,"visible":true,"styles":{"blendOptions":{"mode":"passThrough"},"layerEffects":{"scale":100,"solidFill":{"enabled":true,"present":true,"showInDialog":true,"mode":"screen","color":{"red":119.002075195312,"green":201.000823974609,"blue":255},"opacity":100}}},"color":"#77C9FF","image":null,"contents":null,"font":null,"layers":[{"id":8,"name":"Lights 1","type":"Shape","opacity":100,"fill":100,"x":121.25,"y":28.7812,"width":479,"height":665,"visible":true,"styles":{"blendOptions":{}},"color":null,"image":"assets\/eqm1od7mbkukcadm5onh2thnswonbq2y.svg","contents":null,"font":null,"layers":[],"smartObject":null,"smartFilters":null}],"smartObject":null,"smartFilters":null},{"id":6,"name":"Main","type":"Folder","opacity":100,"x":145.5,"y":28.7812,"width":430,"height":606,"visible":true,"styles":{"blendOptions":{"mode":"passThrough"},"layerEffects":{"scale":100,"solidFill":{"enabled":true,"present":true,"showInDialog":true,"mode":"screen","color":{"red":41.0032653808594,"green":111.998291015625,"blue":185.001068115234},"opacity":100}}},"color":"#296FB9","image":null,"contents":null,"font":null,"layers":[{"id":5,"name":"Main 1","type":"Shape","opacity":100,"fill":100,"x":145.5,"y":28.7812,"width":430,"height":606,"visible":true,"styles":{"blendOptions":{}},"color":null,"image":"assets\/drsnulj0hwo7yt9sjl70huba09ogfp2w.svg","contents":null,"font":null,"layers":[],"smartObject":null,"smartFilters":null}],"smartObject":null,"smartFilters":null},{"id":3,"name":"Shadow","type":"Folder","opacity":100,"x":110.344,"y":15.5625,"width":500,"height":690,"visible":true,"styles":{"blendOptions":{"mode":"passThrough"},"layerEffects":{"scale":100,"solidFill":{"enabled":true,"present":true,"showInDialog":true,"mode":"screen","color":{"red":33.9994812011719,"green":51.0031127929688,"blue":65.9989929199219},"opacity":100}}},"color":"#213341","image":null,"contents":null,"font":null,"layers":[{"id":2,"name":"Shadow 1","type":"Shape","opacity":100,"fill":100,"x":110.344,"y":15.5625,"width":500,"height":690,"visible":true,"styles":{"blendOptions":{}},"color":null,"image":"assets\/jmivoyjfswmo5vu3h021spmjjsa3sc39.svg","contents":null,"font":null,"layers":[],"smartObject":null,"smartFilters":null}],"smartObject":null,"smartFilters":null}],"smartObject":null,"smartFilters":null},{"id":24,"name":"_system.square_checkered_layer","type":"Unknown","opacity":100,"fill":100,"x":0,"y":0,"width":720,"height":720,"visible":true,"styles":{"blendOptions":{}},"color":null,"image":null,"contents":null,"font":null,"layers":[],"smartObject":null,"smartFilters":null}],"smartObject":null}