{"id":"ptdcd5y41vn4d1bauguujbaquuu8twvs","name":"input_file","type":"Document","x":0,"y":0,"width":1000,"height":1000,"resolution":72,"visible":true,"color":null,"image":"assets\/q7w4wu85p3uvr01n1rl640kn5feskcfx.jpg","contents":null,"font":null,"layers":[{"id":17,"name":"Graphic","type":"Folder","opacity":100,"x":101.375,"y":70.7188,"width":798,"height":859,"visible":true,"styles":{"blendOptions":{"mode":"passThrough"}},"color":null,"image":null,"contents":null,"font":null,"layers":[{"id":37,"name":"Graphic Indicators","type":"Folder","opacity":50.1960784313726,"x":242,"y":181,"width":531,"height":668,"visible":false,"styles":{"blendOptions":{"opacity":50,"mode":"passThrough"}},"color":null,"image":null,"contents":null,"font":null,"layers":[{"id":36,"name":"Visual Center","type":"Shape","opacity":100,"fill":100,"x":502.344,"y":510.344,"width":11,"height":11,"visible":false,"styles":{"blendOptions":{}},"color":null,"image":"assets\/5cym6i91upwyo9058vkb1yao6jjgao37.svg","contents":null,"font":null,"layers":[],"smartObject":null,"smartFilters":null},{"id":35,"name":"Focus Area","type":"Shape","opacity":100,"fill":100,"x":242,"y":181,"width":531,"height":668,"visible":false,"styles":{"blendOptions":{}},"color":null,"image":"assets\/9xqnpj16669mmvgtvdfw3aahc0mx858t.svg","contents":null,"font":null,"layers":[],"smartObject":null,"smartFilters":null}],"smartObject":null,"smartFilters":null},{"id":3,"name":"Shadow","type":"Folder","opacity":100,"x":101.375,"y":70.7188,"width":798,"height":859,"visible":true,"styles":{"blendOptions":{"mode":"passThrough"},"layerEffects":{"scale":100,"solidFill":{"enabled":true,"present":true,"showInDialog":true,"mode":"screen","color":{"red":2.49027237296104,"green":20.0000007078052,"blue":0.15564202331007},"opacity":100}}},"color":"#021400","image":null,"contents":null,"font":null,"layers":[{"id":106,"name":"Shadow 1","type":"Shape","opacity":100,"fill":100,"x":101.375,"y":70.7188,"width":798,"height":859,"visible":true,"styles":{"blendOptions":{}},"color":null,"image":"assets\/2y5sqc14phl7yx57pk40e64f0pjvwcvn.svg","contents":null,"font":null,"layers":[],"smartObject":null,"smartFilters":null}],"smartObject":null,"smartFilters":null},{"id":12,"name":"White","type":"Folder","opacity":100,"x":162,"y":96,"width":674,"height":825,"visible":true,"styles":{"blendOptions":{"mode":"passThrough"}},"color":null,"image":null,"contents":null,"font":null,"layers":[{"id":111,"name":"White 2","type":"Graphic","opacity":74.9019607843137,"fill":100,"x":172,"y":96,"width":664,"height":825,"visible":true,"styles":{"blendOptions":{"opacity":75}},"color":null,"image":"assets\/aqr87ql28qg00z86xac1i2d2iifqbzt5.png","contents":null,"font":null,"layers":[],"smartObject":null,"smartFilters":null},{"id":110,"name":"White 1","type":"Shape","opacity":100,"fill":100,"x":162,"y":276,"width":584,"height":628,"visible":true,"styles":{"blendOptions":{}},"color":null,"image":"assets\/g29542o1yx4g3ky6kkf8xlvlyfxu9ns7.svg","contents":null,"font":null,"layers":[],"smartObject":null,"smartFilters":null}],"smartObject":null,"smartFilters":null},{"id":9,"name":"Accent","type":"Folder","opacity":100,"x":105.719,"y":130,"width":611,"height":720,"visible":true,"styles":{"blendOptions":{"mode":"passThrough"},"layerEffects":{"scale":100,"solidFill":{"enabled":true,"present":true,"showInDialog":true,"mode":"screen","color":{"red":242.00000077486,"green":102.498055994511,"blue":0.00389105058275},"opacity":100}}},"color":"#F26600","image":null,"contents":null,"font":null,"layers":[{"id":109,"name":"Accent 1","type":"Shape","opacity":100,"fill":100,"x":105.719,"y":130,"width":611,"height":720,"visible":true,"styles":{"blendOptions":{}},"color":null,"image":"assets\/fmlaq4mxjv2e9p956i69g501ouio15l5.svg","contents":null,"font":null,"layers":[],"smartObject":null,"smartFilters":null}],"smartObject":null,"smartFilters":null},{"id":40,"name":"Extra Color","type":"Folder","opacity":100,"x":257.344,"y":217.906,"width":426,"height":627,"visible":true,"styles":{"blendOptions":{"mode":"passThrough"},"layerEffects":{"scale":100,"solidFill":{"enabled":true,"present":true,"showInDialog":true,"mode":"screen","color":{"red":255,"green":166.428014338017,"blue":62.0038910955191},"opacity":100}}},"color":"#FFA63E","image":null,"contents":null,"font":null,"layers":[{"id":108,"name":"Extra Color 1","type":"Shape","opacity":100,"fill":100,"x":257.344,"y":217.906,"width":426,"height":627,"visible":true,"styles":{"blendOptions":{}},"color":null,"image":"assets\/y39fceuldwp96qokafss5ca7xjgodo36.svg","contents":null,"font":null,"layers":[],"smartObject":null,"smartFilters":null}],"smartObject":null,"smartFilters":null},{"id":32,"name":"Lights","type":"Folder","opacity":100,"x":169,"y":76,"width":576,"height":843,"visible":true,"styles":{"blendOptions":{"mode":"passThrough"},"layerEffects":{"scale":100,"solidFill":{"enabled":true,"present":true,"showInDialog":true,"mode":"screen","color":{"red":13.6964980512857,"green":106.0000012815,"blue":0},"opacity":100}}},"color":"#0D6A00","image":null,"contents":null,"font":null,"layers":[{"id":107,"name":"Lights 1","type":"Shape","opacity":100,"fill":100,"x":169,"y":76,"width":576,"height":843,"visible":true,"styles":{"blendOptions":{}},"color":null,"image":"assets\/nl7l3b1rvlbyeg5ggg8y4hd34uox5jr5.svg","contents":null,"font":null,"layers":[],"smartObject":null,"smartFilters":null}],"smartObject":null,"smartFilters":null},{"id":6,"name":"Main","type":"Folder","opacity":100,"x":106.469,"y":78.0312,"width":788,"height":844,"visible":true,"styles":{"blendOptions":{"mode":"passThrough"},"layerEffects":{"scale":100,"solidFill":{"enabled":true,"present":true,"showInDialog":true,"mode":"screen","color":{"red":7.8754863794893,"green":61.0000001639128,"blue":0},"opacity":100}}},"color":"#073D00","image":null,"contents":null,"font":null,"layers":[{"id":105,"name":"Main 1","type":"Shape","opacity":100,"fill":100,"x":106.469,"y":78.0312,"width":788,"height":844,"visible":true,"styles":{"blendOptions":{}},"color":null,"image":"assets\/onn2skjvh8o7pqq0mpc321mm87bj5uai.svg","contents":null,"font":null,"layers":[],"smartObject":null,"smartFilters":null}],"smartObject":null,"smartFilters":null}],"smartObject":null,"smartFilters":null},{"id":117,"name":"_system.square_checkered_layer","type":"Unknown","opacity":100,"fill":100,"x":0,"y":0,"width":1000,"height":1000,"visible":true,"styles":{"blendOptions":{}},"color":null,"image":null,"contents":null,"font":null,"layers":[],"smartObject":null,"smartFilters":null}],"smartObject":null}