{"id":"4ymicolqce7x50tvsqq8p16hkw1u2ply","name":"input_file","type":"Document","x":0,"y":0,"width":1200,"height":1200,"resolution":72,"visible":true,"color":null,"image":"assets\/9plks34qxledg38yiscb3sxlwnxnb7ng.jpg","contents":null,"font":null,"layers":[{"id":20,"name":"Graphic","type":"Folder","opacity":100,"x":163,"y":47,"width":873,"height":1107,"visible":true,"styles":{"blendOptions":{"mode":"passThrough"}},"color":null,"image":null,"contents":null,"font":null,"layers":[{"id":22,"name":"Graphic Indicators","type":"Folder","opacity":50.1960784313726,"x":164,"y":148,"width":872,"height":810,"visible":false,"styles":{"blendOptions":{"opacity":50,"mode":"passThrough"}},"color":null,"image":null,"contents":null,"font":null,"layers":[{"id":25,"name":"Visual Center","type":"Shape","opacity":100,"fill":100,"x":593,"y":593,"width":15,"height":15,"visible":false,"styles":{"blendOptions":{}},"color":null,"image":"assets\/6o0alxfmo5r708huq9teslcknunbbj09.svg","contents":null,"font":null,"layers":[],"smartObject":null,"smartFilters":null},{"id":24,"name":"Focus Area","type":"Shape","opacity":100,"fill":100,"x":164,"y":148,"width":872,"height":810,"visible":false,"styles":{"blendOptions":{}},"color":null,"image":"assets\/2jpce9huygmsloqbe8ibod864j9w5hjy.svg","contents":null,"font":null,"layers":[],"smartObject":null,"smartFilters":null}],"smartObject":null,"smartFilters":null},{"id":18,"name":"White","type":"Folder","opacity":100,"x":237.125,"y":69.9062,"width":684,"height":808,"visible":true,"styles":{"blendOptions":{"mode":"passThrough"}},"color":null,"image":null,"contents":null,"font":null,"layers":[{"id":17,"name":"White 4","type":"Shape","opacity":30.1960784313726,"fill":100,"x":237.125,"y":69.9062,"width":684,"height":808,"visible":true,"styles":{"blendOptions":{"opacity":30}},"color":null,"image":"assets\/39gqdjibct1aalqd95k4pjp8noywuht0.svg","contents":null,"font":null,"layers":[],"smartObject":null,"smartFilters":null},{"id":16,"name":"White 3","type":"Shape","opacity":30.1960784313726,"fill":100,"x":299.219,"y":254.281,"width":511,"height":623,"visible":true,"styles":{"blendOptions":{"opacity":30}},"color":null,"image":"assets\/jy4xv6r38q58wfhqmhw89rdqs4c3l37e.svg","contents":null,"font":null,"layers":[],"smartObject":null,"smartFilters":null},{"id":15,"name":"White 2","type":"Shape","opacity":100,"fill":100,"x":378.969,"y":369.438,"width":99,"height":227,"visible":true,"styles":{"blendOptions":{}},"color":null,"image":"assets\/d40y0vc6tx0b46tup7u97lly2ukwk8ts.svg","contents":null,"font":null,"layers":[],"smartObject":null,"smartFilters":null},{"id":14,"name":"White 1","type":"Shape","opacity":100,"fill":100,"x":299.219,"y":112.094,"width":600,"height":765,"visible":true,"styles":{"blendOptions":{}},"color":null,"image":"assets\/670oe4fsvdhndtqcyd2352mqhtc5cst9.svg","contents":null,"font":null,"layers":[],"smartObject":null,"smartFilters":null}],"smartObject":null,"smartFilters":null},{"id":12,"name":"Accent","type":"Folder","opacity":100,"x":209.531,"y":216.25,"width":779,"height":899,"visible":true,"styles":{"blendOptions":{"mode":"passThrough"},"layerEffects":{"scale":100,"solidFill":{"enabled":true,"present":true,"showInDialog":true,"mode":"screen","color":{"red":0.00389105058275,"green":252.011673152447,"blue":255},"opacity":100}}},"color":"#00FCFF","image":null,"contents":null,"font":null,"layers":[{"id":11,"name":"Accent 1","type":"Shape","opacity":100,"fill":100,"x":209.531,"y":216.25,"width":779,"height":899,"visible":true,"styles":{"blendOptions":{}},"color":null,"image":"assets\/qhvfrl2cb4uqhwshg2iuab5wcuu5fyuf.svg","contents":null,"font":null,"layers":[],"smartObject":null,"smartFilters":null}],"smartObject":null,"smartFilters":null},{"id":9,"name":"Lights","type":"Folder","opacity":100,"x":237.125,"y":69.9062,"width":684,"height":881,"visible":true,"styles":{"blendOptions":{"mode":"passThrough"},"layerEffects":{"scale":100,"solidFill":{"enabled":true,"present":true,"showInDialog":true,"mode":"screen","color":{"red":166.000005304813,"green":166.000005304813,"blue":166.000005304813},"opacity":100}}},"color":"#A6A6A6","image":null,"contents":null,"font":null,"layers":[{"id":8,"name":"Lights 1","type":"Shape","opacity":100,"fill":100,"x":237.125,"y":69.9062,"width":684,"height":881,"visible":true,"styles":{"blendOptions":{}},"color":null,"image":"assets\/b85i6swww7lai27idvhxr6wbiabbmob1.svg","contents":null,"font":null,"layers":[],"smartObject":null,"smartFilters":null}],"smartObject":null,"smartFilters":null},{"id":6,"name":"Main","type":"Folder","opacity":100,"x":237.125,"y":69.9062,"width":692,"height":889,"visible":true,"styles":{"blendOptions":{"mode":"passThrough"},"layerEffects":{"scale":100,"solidFill":{"enabled":true,"present":true,"showInDialog":true,"mode":"screen","color":{"red":93.0024719238281,"green":93.0024719238281,"blue":93.0024719238281},"opacity":100}}},"color":"#5D5D5D","image":null,"contents":null,"font":null,"layers":[{"id":5,"name":"Main 1","type":"Shape","opacity":100,"fill":100,"x":237.125,"y":69.9062,"width":692,"height":889,"visible":true,"styles":{"blendOptions":{}},"color":null,"image":"assets\/gxd1i2s517blblblrlpd4jujn4p5594k.svg","contents":null,"font":null,"layers":[],"smartObject":null,"smartFilters":null}],"smartObject":null,"smartFilters":null},{"id":3,"name":"Shadow","type":"Folder","opacity":100,"x":163,"y":47,"width":873,"height":1107,"visible":true,"styles":{"blendOptions":{"mode":"passThrough"},"layerEffects":{"scale":100,"solidFill":{"enabled":true,"present":true,"showInDialog":true,"mode":"screen","color":{"red":31.0000000521541,"green":31.0000000521541,"blue":31.0000000521541},"opacity":100}}},"color":"#1F1F1F","image":null,"contents":null,"font":null,"layers":[{"id":2,"name":"Shadow 1","type":"Shape","opacity":100,"fill":100,"x":163,"y":47,"width":873,"height":1107,"visible":true,"styles":{"blendOptions":{}},"color":null,"image":"assets\/jedfwdxb3f16qvoqdol2pmeh26wqp1wl.svg","contents":null,"font":null,"layers":[],"smartObject":null,"smartFilters":null}],"smartObject":null,"smartFilters":null}],"smartObject":null,"smartFilters":null},{"id":27,"name":"_system.square_checkered_layer","type":"Unknown","opacity":100,"fill":100,"x":0,"y":0,"width":1200,"height":1200,"visible":true,"styles":{"blendOptions":{}},"color":null,"image":null,"contents":null,"font":null,"layers":[],"smartObject":null,"smartFilters":null}],"smartObject":null}