{"id":"rv4rq5fmr8get94n6itldv5oli85afwg","name":"input_file","type":"Document","x":0,"y":0,"width":720,"height":720,"resolution":72,"visible":true,"color":null,"image":"assets\/ksjd0tfml2l91g812c8332mh22mfuqn9.jpg","contents":null,"font":null,"layers":[{"id":22,"name":"Graphic","type":"Folder","opacity":100,"x":83.4688,"y":49.8438,"width":554,"height":643,"visible":true,"styles":{"blendOptions":{"mode":"passThrough"}},"color":null,"image":null,"contents":null,"font":null,"layers":[{"id":17,"name":"Graphic Indicators","type":"Folder","opacity":50.1960784313726,"x":85,"y":313,"width":541,"height":332,"visible":false,"styles":{"blendOptions":{"opacity":50,"mode":"passThrough"}},"color":null,"image":null,"contents":null,"font":null,"layers":[{"id":21,"name":"Visual Center","type":"Shape","opacity":100,"fill":100,"x":351,"y":313,"width":18,"height":18,"visible":false,"styles":{"blendOptions":{}},"color":null,"image":"assets\/vn25d8w1web1i32i0b37uotp8dbc1xku.svg","contents":null,"font":null,"layers":[],"smartObject":null,"smartFilters":null},{"id":19,"name":"Focus Area","type":"Shape","opacity":100,"fill":100,"x":85,"y":355,"width":541,"height":290,"visible":false,"styles":{"blendOptions":{}},"color":null,"image":"assets\/f5hkcltjo0gj7n9x93qgn5p791u2r9te.svg","contents":null,"font":null,"layers":[],"smartObject":null,"smartFilters":null}],"smartObject":null,"smartFilters":null},{"id":15,"name":"White","type":"Folder","opacity":100,"x":224.875,"y":80.2812,"width":267,"height":580,"visible":true,"styles":{"blendOptions":{"mode":"passThrough"}},"color":null,"image":null,"contents":null,"font":null,"layers":[{"id":14,"name":"White 1","type":"Shape","opacity":100,"fill":100,"x":224.875,"y":80.2812,"width":267,"height":580,"visible":true,"styles":{"blendOptions":{}},"color":null,"image":"assets\/tl92a0jxx0valwc7off3e9blmrkwky9u.svg","contents":null,"font":null,"layers":[],"smartObject":null,"smartFilters":null}],"smartObject":null,"smartFilters":null},{"id":12,"name":"Accent","type":"Folder","opacity":100,"x":99.3125,"y":62.8125,"width":522,"height":605,"visible":true,"styles":{"blendOptions":{"mode":"passThrough"},"layerEffects":{"scale":100,"solidFill":{"enabled":true,"present":true,"showInDialog":true,"mode":"screen","color":{"red":249.000091552734,"green":209.000701904297,"blue":51.0031127929688},"opacity":100}}},"color":"#F9D133","image":null,"contents":null,"font":null,"layers":[{"id":11,"name":"Accent 1","type":"Shape","opacity":100,"fill":100,"x":99.3125,"y":62.8125,"width":522,"height":605,"visible":true,"styles":{"blendOptions":{}},"color":null,"image":"assets\/fllajcavifmfcdp52vn2ypk5awo2aaul.svg","contents":null,"font":null,"layers":[],"smartObject":null,"smartFilters":null}],"smartObject":null,"smartFilters":null},{"id":9,"name":"Lights","type":"Folder","opacity":100,"x":116.875,"y":96.375,"width":489,"height":521,"visible":true,"styles":{"blendOptions":{"mode":"passThrough"},"layerEffects":{"scale":100,"solidFill":{"enabled":true,"present":true,"showInDialog":true,"mode":"screen","color":{"red":167.001342773438,"green":137.001800537109,"blue":211.996765136719},"opacity":100}}},"color":"#A789D3","image":null,"contents":null,"font":null,"layers":[{"id":8,"name":"Lights 1","type":"Shape","opacity":100,"fill":100,"x":116.875,"y":96.375,"width":489,"height":521,"visible":true,"styles":{"blendOptions":{}},"color":null,"image":"assets\/6o71fn0r319ofl2mdh0lspp44gi5xr9s.svg","contents":null,"font":null,"layers":[],"smartObject":null,"smartFilters":null}],"smartObject":null,"smartFilters":null},{"id":6,"name":"Main","type":"Folder","opacity":100,"x":109.938,"y":80.2812,"width":504,"height":587,"visible":true,"styles":{"blendOptions":{"mode":"passThrough"},"layerEffects":{"scale":100,"solidFill":{"enabled":true,"present":true,"showInDialog":true,"mode":"screen","color":{"red":91.0025024414062,"green":75.0027465820312,"blue":115.002136230469},"opacity":100}}},"color":"#5B4B73","image":null,"contents":null,"font":null,"layers":[{"id":5,"name":"Main 1","type":"Shape","opacity":100,"fill":100,"x":109.938,"y":80.2812,"width":504,"height":587,"visible":true,"styles":{"blendOptions":{}},"color":null,"image":"assets\/b0trm97ny3gqqghlaj4nqn3n3hi698wq.svg","contents":null,"font":null,"layers":[],"smartObject":null,"smartFilters":null}],"smartObject":null,"smartFilters":null},{"id":3,"name":"Shadow","type":"Folder","opacity":100,"x":83.4688,"y":49.8438,"width":554,"height":643,"visible":true,"styles":{"blendOptions":{"mode":"passThrough"},"layerEffects":{"scale":100,"solidFill":{"enabled":true,"present":true,"showInDialog":true,"mode":"screen","color":{"red":21.5291830524802,"green":23.1867700070143,"blue":45.0000011175871},"opacity":100}}},"color":"#15172D","image":null,"contents":null,"font":null,"layers":[{"id":2,"name":"Shadow 1","type":"Shape","opacity":100,"fill":100,"x":83.4688,"y":49.8438,"width":554,"height":643,"visible":true,"styles":{"blendOptions":{}},"color":null,"image":"assets\/t9h769ypqd8qri9g6unnguavgw0e91wo.svg","contents":null,"font":null,"layers":[],"smartObject":null,"smartFilters":null}],"smartObject":null,"smartFilters":null}],"smartObject":null,"smartFilters":null},{"id":30,"name":"_system.square_checkered_layer","type":"Unknown","opacity":100,"fill":100,"x":0,"y":0,"width":720,"height":720,"visible":true,"styles":{"blendOptions":{}},"color":null,"image":null,"contents":null,"font":null,"layers":[],"smartObject":null,"smartFilters":null}],"smartObject":null}