{"id":"e1fgrstuhfycsk3u6helobhtxr3aiolp","name":"input_file","type":"Document","x":0,"y":0,"width":500,"height":500,"resolution":72,"visible":true,"color":null,"image":"assets\/4ie49vqujsbsxpu6pvgt3kqp98j4khb7.jpg","contents":null,"font":null,"layers":[{"id":22,"name":"Graphic","type":"Folder","opacity":100,"x":81.1562,"y":26,"width":411,"height":449,"visible":true,"styles":{"blendOptions":{"mode":"passThrough"}},"color":null,"image":null,"contents":null,"font":null,"layers":[{"id":17,"name":"Graphic Indicators","type":"Folder","opacity":50.1960784313726,"x":81,"y":69.25,"width":340,"height":207,"visible":false,"styles":{"blendOptions":{"opacity":50,"mode":"passThrough"}},"color":null,"image":null,"contents":null,"font":null,"layers":[{"id":21,"name":"Visual Center","type":"Shape","opacity":100,"fill":100,"x":247.781,"y":227.031,"width":21,"height":20,"visible":false,"styles":{"blendOptions":{}},"color":null,"image":"assets\/5liovcc5bs1cdgijdagdocgj4w0m6l9s.svg","contents":null,"font":null,"layers":[],"smartObject":null,"smartFilters":null},{"id":19,"name":"Focus Area","type":"Shape","opacity":100,"fill":100,"x":81,"y":69.25,"width":340,"height":207,"visible":false,"styles":{"blendOptions":{}},"color":null,"image":"assets\/d217jff639nivbwsb22ma32xg34hq2fg.svg","contents":null,"font":null,"layers":[],"smartObject":null,"smartFilters":null}],"smartObject":null,"smartFilters":null},{"id":15,"name":"White","type":"Folder","opacity":100,"x":157.938,"y":78.8125,"width":228,"height":370,"visible":true,"styles":{"blendOptions":{"mode":"passThrough"}},"color":null,"image":null,"contents":null,"font":null,"layers":[{"id":14,"name":"White 1","type":"Shape","opacity":100,"fill":100,"x":157.938,"y":78.8125,"width":228,"height":370,"visible":true,"styles":{"blendOptions":{}},"color":null,"image":"assets\/k2c2swexxgn97ukvsnkho65ji41dk7lj.svg","contents":null,"font":null,"layers":[],"smartObject":null,"smartFilters":null}],"smartObject":null,"smartFilters":null},{"id":12,"name":"Accent","type":"Folder","opacity":100,"x":96.6875,"y":28.2812,"width":304,"height":424,"visible":true,"styles":{"blendOptions":{"mode":"passThrough"},"layerEffects":{"scale":100,"solidFill":{"enabled":true,"present":true,"showInDialog":true,"mode":"screen","color":{"red":209.000701904297,"green":219.000549316406,"blue":189.001007080078},"opacity":100}}},"color":"#D1DBBD","image":null,"contents":null,"font":null,"layers":[{"id":11,"name":"Accent 1","type":"Shape","opacity":100,"fill":100,"x":96.6875,"y":28.2812,"width":304,"height":424,"visible":true,"styles":{"blendOptions":{}},"color":null,"image":"assets\/c78kjwnkeggr9y7kpyc9mo50036nbwsx.svg","contents":null,"font":null,"layers":[],"smartObject":null,"smartFilters":null}],"smartObject":null,"smartFilters":null},{"id":9,"name":"Lights","type":"Folder","opacity":100,"x":85.4375,"y":42.7812,"width":396,"height":418,"visible":true,"styles":{"blendOptions":{"mode":"passThrough"},"layerEffects":{"scale":100,"solidFill":{"enabled":true,"present":true,"showInDialog":true,"mode":"screen","color":{"red":145.001678466797,"green":159.99755859375,"blue":169.997406005859},"opacity":100}}},"color":"#919FA9","image":null,"contents":null,"font":null,"layers":[{"id":8,"name":"Lights 1","type":"Shape","opacity":100,"fill":100,"x":85.4375,"y":42.7812,"width":396,"height":418,"visible":true,"styles":{"blendOptions":{}},"color":null,"image":"assets\/65rcusr94tojwbl0jca5bd6l5spf3f6p.svg","contents":null,"font":null,"layers":[],"smartObject":null,"smartFilters":null}],"smartObject":null,"smartFilters":null},{"id":6,"name":"Main","type":"Folder","opacity":100,"x":81.1562,"y":30.6562,"width":405,"height":445,"visible":true,"styles":{"blendOptions":{"mode":"passThrough"},"layerEffects":{"scale":100,"solidFill":{"enabled":true,"present":true,"showInDialog":true,"mode":"screen","color":{"red":61.9990539550781,"green":95.99853515625,"blue":111.002197265625},"opacity":100}}},"color":"#3D5F6F","image":null,"contents":null,"font":null,"layers":[{"id":5,"name":"Main 1","type":"Shape","opacity":100,"fill":100,"x":81.1562,"y":30.6562,"width":405,"height":445,"visible":true,"styles":{"blendOptions":{}},"color":null,"image":"assets\/kbovrt29wkjehms65mvf1scdrvrkw8qq.svg","contents":null,"font":null,"layers":[],"smartObject":null,"smartFilters":null}],"smartObject":null,"smartFilters":null},{"id":3,"name":"Shadow","type":"Folder","opacity":100,"x":105.719,"y":26,"width":387,"height":422,"visible":true,"styles":{"blendOptions":{"mode":"passThrough"},"layerEffects":{"scale":100,"solidFill":{"enabled":true,"present":true,"showInDialog":true,"mode":"screen","color":{"red":25.0035095214844,"green":51.9992065429688,"blue":65.0028991699219},"opacity":100}}},"color":"#193341","image":null,"contents":null,"font":null,"layers":[{"id":2,"name":"Shadow 1","type":"Shape","opacity":100,"fill":100,"x":105.719,"y":26,"width":387,"height":422,"visible":true,"styles":{"blendOptions":{}},"color":null,"image":"assets\/he7vo4qopqclakixo4b9eyy5fdri53yh.svg","contents":null,"font":null,"layers":[],"smartObject":null,"smartFilters":null}],"smartObject":null,"smartFilters":null}],"smartObject":null,"smartFilters":null},{"id":25,"name":"_system.square_checkered_layer","type":"Unknown","opacity":100,"fill":100,"x":0,"y":0,"width":500,"height":500,"visible":true,"styles":{"blendOptions":{}},"color":null,"image":null,"contents":null,"font":null,"layers":[],"smartObject":null,"smartFilters":null}],"smartObject":null}